year;region;energy_co2e_t;energy_co2e_t_percapita;industry_co2e_t;industry_co2e_t_percapita;traffic_co2e_t;traffic_co2e_t_percapita;buildings_co2e_t;buildings_co2e_t_percapita;agriculture_co2e_t;agriculture_co2e_t_percapita;waste_co2e_t;waste_co2e_t_percapita;fluorinated_gases_co2e_t;fluorinated_gases_co2e_t_percapita;total_co2e_t;total_co2e_t_percapita;population
1990;Burgenland;1569.74797927;0.00578959;106080.20596453;0.39124786;510676.97515202;1.88349251;461402.79556440;1.70175816;325350.75465929;1.19996738;184842.65080264;0.68174162;4660.65324533;0.01718955;1594583.78336748;5.88118666;271133
1991;Burgenland;10050.42265796;0.03682134;109992.95241861;0.40297692;568141.46958727;2.08147788;538703.22271539;1.97362612;322318.54456387;1.18086596;188934.13182127;0.69219066;6451.85414662;0.02363741;1744592.59791099;6.39159629;272951
1992;Burgenland;26395.37705904;0.09600309;107182.14460872;0.38983406;568224.30576211;2.06669857;488630.79854950;1.77720763;309690.33783183;1.12638015;190556.19290563;0.69307527;6597.52959048;0.02399599;1697276.68630731;6.17319476;274943
1993;Burgenland;14229.31964219;0.05156335;114508.71381174;0.41494979;575003.43961163;2.08366287;507919.62882954;1.84056860;301935.14057542;1.09413440;190006.15404718;0.68853287;14674.53691853;0.05317670;1718276.93343622;6.22658859;275958
1994;Burgenland;21924.11448191;0.07917472;115339.64961010;0.41652697;577254.62644219;2.08464409;453665.58829545;1.63832604;298961.88843661;1.07964338;183205.01775638;0.66160970;16491.54873953;0.05955606;1666842.43376218;6.01948096;276908
1995;Burgenland;21146.84685346;0.07615299;112770.00047635;0.40610179;589830.78604954;2.12406968;511460.59135536;1.84184678;305845.87328048;1.10139715;175799.64724257;0.63308106;21272.79380395;0.07660654;1738126.53906171;6.25925600;277689
1996;Burgenland;12167.79116198;0.04381584;117567.20651544;0.42335591;652862.88279650;2.35093925;586956.93822401;2.11361396;306427.65639996;1.10343661;167407.25579234;0.60282840;24029.66359204;0.08653008;1867419.39448226;6.72452006;277703
1997;Burgenland;71349.48048872;0.25723761;125135.36396705;0.45115285;613403.54450385;2.21151519;548009.54125308;1.97574897;306743.92247394;1.10590956;162939.60260825;0.58744917;27461.07209036;0.09900591;1855042.52738524;6.68801926;277368
1998;Burgenland;66014.93722531;0.23834431;117676.96813421;0.42486801;692256.33076345;2.49936395;522705.31443801;1.88720675;298313.46267518;1.07704889;158437.54009403;0.57203244;31223.84578327;0.11273245;1886628.39911345;6.81159680;276973
1999;Burgenland;71486.25338875;0.25855289;97053.34611192;0.35102445;668615.11041510;2.41826028;539860.67783773;1.95257871;289611.38471071;1.04747215;147969.34433890;0.53517843;32551.26186342;0.11773204;1847147.37866653;6.68079895;276486
2000;Burgenland;35647.15296544;0.12911752;103282.13072896;0.37409812;706148.04238442;2.55773823;507385.25012297;1.83779968;278224.31718539;1.00775606;146681.54406372;0.53129510;30415.19699986;0.11016686;1807783.63445076;6.54797157;276083
2001;Burgenland;45890.21109435;0.16606972;113374.59039749;0.41028546;759519.03932911;2.74858427;548011.30670600;1.98316985;276621.08250996;1.00104976;139900.89743547;0.50628014;36212.47874191;0.13104747;1919529.60621428;6.94648666;276331
2002;Burgenland;81063.59926517;0.29318076;129214.02296133;0.46732523;843214.04609963;3.04963181;526299.44457749;1.90345445;269025.41729594;0.97297771;142427.82993233;0.51511528;40105.95649782;0.14505024;2031350.31662969;7.34673547;276497
2003;Burgenland;68771.47016021;0.24873850;126082.62633177;0.45602637;917307.07418527;3.31779426;525347.98978489;1.90012330;250496.21659273;0.90601602;152706.31557602;0.55232119;39126.00938991;0.14151428;2079837.70202081;7.52253392;276481
2004;Burgenland;12700.23552647;0.04578526;171024.58726414;0.61655588;936053.33167539;3.37453930;517034.52873932;1.86394650;251232.00087546;0.90570936;155135.14094230;0.55927329;38883.56613330;0.14017804;2082063.39115637;7.50598763;277387
2005;Burgenland;16241.81839679;0.05832604;189520.52781200;0.68058768;950233.03688867;3.41238441;466066.62673728;1.67369311;246241.56370052;0.88427874;150861.08420965;0.54175764;45120.09526988;0.16203090;2064284.75301479;7.41305852;278466
2006;Burgenland;16715.41453452;0.05978545;194917.32873275;0.69715415;898591.17848233;3.21396037;467274.80540607;1.67128583;238427.97424875;0.85277719;142496.69247636;0.50966305;41093.79949643;0.14697879;1999517.19337722;7.15160483;279590
2007;Burgenland;18399.61702891;0.06560303;202907.12493680;0.72345651;908333.43532586;3.23862329;405214.59976992;1.44477500;238473.25888765;0.85026601;132979.80222866;0.47413369;42867.88459835;0.15284357;1949175.72277614;6.94970112;280469
2008;Burgenland;18918.38188599;0.06711240;185302.41015367;0.65735483;852412.00158576;3.02390641;394828.83881899;1.40064365;258742.65502179;0.91788193;125837.35432875;0.44640430;44774.62050438;0.15883664;1880816.26229933;6.67214016;281891
2009;Burgenland;18962.04409373;0.06695401;188510.39885188;0.66562056;830565.21906370;2.93268324;362029.69772404;1.27830831;246581.12909771;0.87066533;119460.87659425;0.42181023;47352.96346743;0.16720089;1813462.32889273;6.40324257;283210
2010;Burgenland;16930.96319499;0.05960725;189238.23507447;0.66623329;863083.50078629;3.03857704;385262.74364471;1.35635837;232365.54158757;0.81806754;114616.98250136;0.40352125;49632.58152404;0.17473677;1851130.54831341;6.51710151;284042
2011;Burgenland;15870.18001097;0.05568367;207119.24210207;0.72671888;833768.03249721;2.92544028;360329.78750328;1.26428843;242953.30935563;0.85244981;104288.85387064;0.36591810;50479.94836455;0.17711890;1814809.35370436;6.36761806;285006
2012;Burgenland;14250.97276084;0.04980367;201634.03861664;0.70466179;832793.21107953;2.91040917;311122.02866193;1.08729561;234658.60393594;0.82007459;98535.75118624;0.34435842;52126.55206051;0.18216959;1745121.15830163;6.09877285;286143
2013;Burgenland;7672.23248253;0.02673410;200287.85363079;0.69790843;884259.35489820;3.08122556;305788.98903656;1.06552998;239633.29029739;0.83500866;92516.37820881;0.32237581;51848.95669122;0.18066909;1782007.05524549;6.20945162;286983
2014;Burgenland;7662.94056637;0.02662676;209005.43058339;0.72624033;863926.56260801;3.00192349;275656.72581780;0.95783651;257821.42003887;0.89586339;87483.11818037;0.30398142;52715.11379772;0.18317152;1754271.31159252;6.09564341;287791
2015;Burgenland;6743.69909863;0.02331346;192582.32812114;0.66577127;882582.77794027;3.05115355;305755.44450051;1.05701905;249444.03828077;0.86234638;83097.16851348;0.28727302;55605.02556641;0.19223066;1775810.48202122;6.13910739;289262
2016;Burgenland;7567.62250384;0.02594646;209818.96181669;0.71938834;926046.75040873;3.17505734;321759.70640007;1.10319000;264344.85228571;0.90633660;78649.72764581;0.26965960;59693.98225116;0.20466765;1867881.60331201;6.40424601;291663
2017;Burgenland;10588.93637621;0.03624362;212480.76244250;0.72727534;952340.31582675;3.25965333;316342.02190995;1.08276979;251629.97269329;0.86127455;75225.13363481;0.25747924;63758.47879758;0.21823138;1882365.62168109;6.44292724;292160
2018;Burgenland;6178.56218708;0.02108969;209688.09680978;0.71574209;957472.39236043;3.26820311;304038.53214450;1.03779460;247409.70844953;0.84449973;72699.57049059;0.24815020;62392.42051535;0.21296813;1859879.28295726;6.34844754;292966
2019;Burgenland;9911.61191730;0.03372891;208825.58819097;0.71062709;960432.17700107;3.26832134;306009.80146041;1.04134200;247785.80994535;0.84320754;69059.94752172;0.23500889;60216.44812029;0.20491473;1862241.38415711;6.33715050;293861
1990;Kärnten;473929.54718224;0.86742614;815951.32387017;1.49342346;1015726.85256524;1.85906962;976109.61035953;1.78655877;802945.45743135;1.46961902;316776.01910083;0.57979039;118947.74506168;0.21770827;4520386.55557103;8.27359568;546363
1991;Kärnten;381415.17315209;0.69342918;805035.42758078;1.46358901;1122409.22163001;2.04058821;1086668.78571801;1.97561056;790981.30349884;1.43803801;323760.85623317;0.58861115;202658.39916229;0.36844168;4712929.16697518;8.56830781;550042
1992;Kärnten;285817.87155413;0.51477290;738111.38999184;1.32937712;1119592.73917849;2.01644494;1039005.64856628;1.87130338;756062.01123679;1.36170713;321959.12262119;0.57986518;273778.56874969;0.49308949;4534327.35189840;8.16656014;555231
1993;Kärnten;325881.71949786;0.58304046;737596.30967409;1.31964595;1129500.08641003;2.02080758;983417.07982827;1.75944802;744540.82366773;1.33207050;319183.55367407;0.57105666;360975.99112336;0.64582821;4601095.56387541;8.23189738;558935
1994;Kärnten;301199.64160255;0.53764912;724857.14903472;1.29388869;1133527.38399418;2.02337560;903955.00691507;1.61358299;737445.93665771;1.31636001;310349.78573500;0.55398237;435416.34524635;0.77722940;4546751.24918557;8.11606818;560216
1995;Kärnten;339179.45540604;0.60429527;727510.54359917;1.29616100;1151149.84172563;2.05093321;994085.44494979;1.77110119;755110.22319451;1.34533366;289722.92852089;0.51618161;521779.30602029;0.92962225;4778537.74341632;8.51362819;561281
1996;Kärnten;496155.48630198;0.88330574;712882.82158760;1.26914548;1261452.22470383;2.24576373;1049775.96571449;1.86891643;737107.47442007;1.31227263;266582.76451794;0.47459737;431810.56711567;0.76875247;4955767.30436158;8.82275385;561703
1997;Kärnten;465798.74093748;0.82988658;798479.23331666;1.42260411;1189795.13167346;2.11978893;929186.87156659;1.65547832;722336.50684149;1.28694503;254628.50032783;0.45365682;631159.60287571;1.12450043;4991384.58753922;8.89286023;561280
1998;Kärnten;402187.18364655;0.71694698;750617.37294194;1.33806567;1334759.07487120;2.37936844;972980.24661350;1.73445421;722555.18470597;1.28804144;240888.79112006;0.42941322;513873.23920849;0.91604080;4937861.09310770;8.80233076;560972
1999;Kärnten;304083.17252601;0.54221075;750139.21552345;1.33757334;1288750.79304144;2.29797171;1024109.77075994;1.82609027;724125.28144965;1.29118789;231743.15134794;0.41322124;510826.85330567;0.91085543;4833778.23795411;8.61911062;560821
2000;Kärnten;507257.70171618;0.90560871;747599.37540263;1.33469143;1354679.07163227;2.41851265;901994.13063145;1.61033285;723066.48433332;1.29089278;219877.12574208;0.39254730;480759.11269986;0.85830070;4935233.00215780;8.81088642;560129
2001;Kärnten;624582.49391466;1.11583398;787402.99301598;1.40671733;1451021.68954171;2.59229058;958601.21398669;1.71256771;728073.87046340;1.30072421;209894.56909427;0.37498248;535093.17993196;0.95595884;5294670.00994867;9.45907513;559745
2002;Kärnten;492276.19713229;0.88035530;837686.52114890;1.49806506;1606086.44125304;2.87222239;878336.78873363;1.57076140;703940.89974454;1.25888293;203332.62824053;0.36362708;542849.06194670;0.97079658;5264508.53819963;9.41471074;559179
2003;Kärnten;579167.67608220;1.03734187;843000.20667550;1.50988988;1739093.79111680;3.11487481;956722.69013735;1.71357717;696569.95839939;1.24762001;203746.22026877;0.36492797;624547.62077277;1.11862147;5642848.16345278;10.10685319;558319
2004;Kärnten;477546.48594942;0.85515755;896333.32856393;1.60509235;1778417.29924290;3.18466793;903043.92797801;1.61710924;709047.56498710;1.26971383;204168.90803992;0.36561170;660309.62336089;1.18243726;5628867.13812216;10.07978987;558431
2005;Kärnten;344900.99318755;0.61689378;877750.56044291;1.56995448;1793565.17349018;3.20799075;917033.34443795;1.64021611;698224.32830617;1.24885185;234749.53625891;0.41987565;484618.95930435;0.86679490;5350842.89542801;9.57057752;559093
2006;Kärnten;365141.27518632;0.65267552;1108204.22023962;1.98087099;1695257.95021064;3.03020620;916476.83651699;1.63816592;691642.30812822;1.23628313;227721.81905830;0.40704370;556435.39420213;0.99460615;5560879.80354222;9.93985161;559453
2007;Kärnten;324254.91808017;0.57920350;1111306.33028842;1.98508175;1709863.60960147;3.05426051;753841.78387631;1.34655722;697168.69328187;1.24532436;231923.77558710;0.41427610;564787.72567218;1.00885757;5393146.83638751;9.63356103;559829
2008;Kärnten;349155.37129129;0.62380029;1135525.67058802;2.02872791;1606761.92112042;2.87063766;794110.92887225;1.41875701;709465.92707319;1.26753042;225796.18103429;0.40340701;539829.61306946;0.96445851;5360645.61304891;9.57731880;559723
2009;Kärnten;310556.40235643;0.55574298;959938.96180552;1.71781788;1569101.40101674;2.80791857;670097.56271291;1.19914455;703699.78138816;1.25927597;216907.18689530;0.38815702;311376.31978046;0.55721023;4741677.61595551;8.48526719;558813
2010;Kärnten;292101.20994180;0.52395118;957939.32890516;1.71828607;1628435.65853367;2.92097654;626125.66866856;1.12310141;696927.11136558;1.25010020;209402.00000519;0.37561099;391740.83486782;0.70267792;4802671.81228778;8.61470432;557497
2011;Kärnten;285593.93541190;0.51329073;1013823.15754270;1.82211862;1576218.30058198;2.83289714;570498.48392010;1.02534244;699945.92905162;1.25799505;201472.89148618;0.36210211;391347.82006505;0.70335950;4738900.51805953;8.51710559;556398
2012;Kärnten;244886.09640266;0.44063996;971122.80713589;1.74740632;1575936.77275000;2.83568860;524430.22260722;0.94364243;684231.92756238;1.23118434;190570.23586076;0.34290579;417452.72000417;0.75115064;4608630.78232308;8.29261807;555751
2013;Kärnten;325628.36301032;0.58609577;1021735.13137178;1.83901253;1645322.79703288;2.96140276;531820.90535590;0.95722000;681059.64826011;1.22583357;177729.73823150;0.31989427;432245.14756446;0.77799443;4815541.73082695;8.66745333;555589
2014;Kärnten;270200.56640421;0.48541611;929389.64358051;1.66965122;1596088.49446750;2.86737765;477978.29162267;0.85868940;690263.14426000;1.24005976;170732.04474634;0.30672062;461242.36322241;0.82862326;4595894.54830363;8.25653801;556637
2015;Kärnten;308093.75004205;0.55153443;915742.90815507;1.63931836;1624355.37945072;2.90784190;474802.71394832;0.84996870;680100.41396883;1.21748264;163052.11262360;0.29188795;490194.89420381;0.87752303;4656342.17239239;8.33555701;558612
2016;Kärnten;294962.62910487;0.52568732;925809.81359706;1.64999370;1657658.63646063;2.95430688;450674.78065569;0.80320011;689857.39249873;1.22947536;153418.58166758;0.27342516;487474.90653533;0.86878591;4659856.74051990;8.30487443;561099
2017;Kärnten;300791.28927379;0.53631134;967322.97018801;1.72473838;1704841.09448879;3.03973436;470244.88210658;0.83844737;683816.37359482;1.21924567;147800.78276234;0.26352903;441709.40366437;0.78756856;4716526.79607870;8.40957471;560852
2018;Kärnten;211695.71741033;0.37749755;991247.52170317;1.76760075;1748862.43971145;3.11858592;441882.69367429;0.78796886;676841.57114005;1.20694947;142492.21990832;0.25409330;505270.08745834;0.90100178;4718292.25100595;8.41369763;560787
2019;Kärnten;152472.18803680;0.27175640;986487.83033384;1.75825101;1754763.60629855;3.12757522;453343.34404298;0.80800935;676039.13035832;1.20492767;138049.28361104;0.24604996;516958.09948002;0.92139211;4678113.48216155;8.33796173;561062
1990;Niederösterreich;6583503.45782326;4.49757374;2584575.40371775;1.76567363;2986704.69682148;2.04039152;2576569.81646544;1.76020455;2555461.95996769;1.74578455;1082230.97422389;0.73933486;25161.88591570;0.01718955;18394208.19493520;12.56615238;1463790
1991;Niederösterreich;6368151.89691771;4.30517027;2785520.60321398;1.88314297;3306001.22026485;2.23501235;2925842.56348941;1.97800722;2523522.44066474;1.70601989;1105079.98981535;0.74708606;34964.14660351;0.02363741;19049082.86096960;12.87807617;1479187
1992;Niederösterreich;5349067.22027128;3.57699519;2691920.83973846;1.80012467;3297631.96903712;2.20517208;2730950.44003224;1.82622431;2427227.03029823;1.62312027;1112487.08601716;0.74393549;35883.79602260;0.02399599;17645168.38141710;11.79956800;1495408
1993;Niederösterreich;6118417.09153222;4.05671394;2417929.44244875;1.60316760;3328874.39802738;2.20715439;2777736.64203819;1.84173174;2396949.18461461;1.58925699;1103937.85859684;0.73194750;80202.16870417;0.05317670;18224046.78596220;12.08314887;1508220
1994;Niederösterreich;5603866.99024075;3.69783350;2730115.32372554;1.80152597;3341778.30385989;2.20514509;2475459.96381850;1.63348609;2382578.98268118;1.57219656;1094854.78570414;0.72246374;90253.98894624;0.05955606;17718908.33897620;11.69220701;1515446
1995;Niederösterreich;5853761.83925056;3.84954584;2566361.87005882;1.68768869;3400488.66151096;2.23622644;2786303.58607707;1.83232658;2406643.54076952;1.58265486;1059120.06003413;0.69649763;116490.74090679;0.07660654;18189170.29860780;11.96154657;1520637
1996;Niederösterreich;5911050.70258547;3.87982345;2685317.28991036;1.76255585;3728206.82241438;2.44707498;3282870.07844526;2.15477027;2388006.50866007;1.56741062;1023910.74475553;0.67206206;131831.69627396;0.08653008;19151193.84304500;12.57022732;1523536
1997;Niederösterreich;6128118.13572476;4.01697884;2462545.06032114;1.61419724;3511309.19721502;2.30166169;2839512.64067812;1.86129933;2396410.84508445;1.57084629;979362.65738007;0.64197181;151038.86667438;0.09900591;18468297.40307790;12.10596112;1525554
1998;Niederösterreich;5681298.33787234;3.71616939;2511645.81672976;1.64288174;3942206.60754892;2.57861965;2796863.89079835;1.82944449;2390821.77461318;1.56385005;931808.25592413;0.60950105;172345.93824195;0.11273245;18426990.62172860;12.05319882;1528805
1999;Niederösterreich;4887214.46265864;3.18817320;2765553.15295042;1.80410795;3806166.41640919;2.48295176;2934301.68774939;1.91419101;2367866.80958337;1.54467735;933045.70634683;0.60867215;180473.80458928;0.11773204;17874622.04028710;11.66050547;1532920
2000;Niederösterreich;5296302.76154038;3.44527412;2755436.57978765;1.79242667;4004903.91893067;2.60521206;2607067.61628635;1.69591184;2326482.12531548;1.51338944;884932.10504315;0.57565321;169355.76703814;0.11016686;18044480.87394180;11.73803419;1537266
2001;Niederösterreich;6052153.15478732;3.92478835;2675919.22216592;1.73531904;4287834.49539100;2.78063731;3001313.23451645;1.94633528;2316403.01143291;1.50217473;850383.61269346;0.55146914;202079.52503273;0.13104747;19386086.25601980;12.57177133;1542033
2002;Niederösterreich;6058820.46493842;3.91643852;2961435.43767369;1.91428016;4744122.99206979;3.06661439;2730727.07739094;1.76514963;2286634.64763037;1.47808704;835206.75938658;0.53987999;224396.05904991;0.14505024;19841343.43813970;12.82549997;1547023
2003;Niederösterreich;7472951.56219319;4.81226789;2912244.05717193;1.87536323;5109974.33967903;3.29060951;2865022.78071640;1.84495470;2221759.62970506;1.43072017;842972.38406548;0.54283892;219756.95790148;0.14151428;21644681.71143260;13.93826870;1552896
2004;Niederösterreich;7687944.11497563;4.91898405;2964837.09934164;1.89699433;5214693.10311769;3.33652168;2810884.23296458;1.79849053;2214940.38321557;1.41718725;869568.70802928;0.55637691;219086.08188595;0.14017804;21981953.72353030;14.06473279;1562913
2005;Niederösterreich;7869115.43162271;4.99773612;2926722.95615594;1.85878440;5307734.71470823;3.37098340;2751041.48061768;1.74720774;2195441.37643479;1.39434181;802778.56891329;0.50985088;255123.47764488;0.16203090;22107958.00609750;14.04093524;1574536
2006;Niederösterreich;7691849.24322660;4.85435651;2970090.19244516;1.87443568;5035090.68460572;3.17766566;2695280.18681491;1.70100200;2183838.98084656;1.37822943;761453.55945204;0.48055636;232891.56495967;0.14697879;21570494.41235070;13.61322441;1584525
2007;Niederösterreich;7542697.48506693;4.73638775;3044739.04260403;1.91192405;5097632.45661278;3.20102509;2213936.91399286;1.39022726;2183447.81992714;1.37108183;713218.98485210;0.44786121;243403.39296990;0.15284357;21039076.09602580;13.21135077;1592500
2008;Niederösterreich;6862695.73946695;4.29013671;3116172.70455888;1.94804016;4784544.50814307;2.99100395;2300101.41651209;1.43788242;2258539.66645957;1.41190056;654976.26904713;0.40945102;254082.24390536;0.15883664;20231112.54809310;12.64725145;1599645
2009;Niederösterreich;5993246.89622621;3.73508529;3086005.31531178;1.92324683;4662096.13106545;2.90549130;2187011.42519689;1.36297976;2219551.44523652;1.38325921;760500.05915652;0.47395554;268287.36793733;0.16720089;19176698.64013070;11.95121882;1604581
2010;Niederösterreich;6734628.28726434;4.18969203;3103750.40426311;1.93087989;4849092.29569980;3.01667776;2311452.13681096;1.43798176;2137077.60622281;1.32950129;791702.94570762;0.49252778;280876.77615994;0.17473677;20208580.45212860;12.57199729;1607428
2011;Niederösterreich;6871941.45560103;4.26329512;3046078.76349711;1.88976184;4670527.04637821;2.89755600;1990532.46246160;1.23490973;2200250.46690018;1.36501702;772479.15052157;0.47923962;285495.29332575;0.17711890;19837304.63868540;12.30689822;1611885
2012;Niederösterreich;6063465.87576715;3.75177094;3031246.04913998;1.87558421;4659449.66714678;2.88303558;1837697.44983917;1.13707573;2138062.92187068;1.32292694;754966.50345384;0.46713570;294415.38148642;0.18216959;18779303.84870400;11.61969869;1616161
2013;Niederösterreich;6168091.51665345;3.80401446;3140315.84318279;1.93671038;4896966.47171466;3.02008023;1872814.86848344;1.15501121;2103521.43330825;1.29729365;677628.99521460;0.41791055;292949.32437518;0.18066909;19152288.45293240;11.81168956;1621469
2014;Niederösterreich;5010705.38425589;3.07187192;3196252.19414332;1.95950003;4761939.79321390;2.91936325;1662791.53511501;1.01939392;2191735.71166363;1.34366938;700458.93024678;0.42942459;298781.50073123;0.18317152;17822665.04936980;10.92639461;1631157
2015;Niederösterreich;5257964.90412588;3.20022015;3281167.28975403;1.99705739;4856274.33222804;2.95573425;1677682.83580012;1.02110883;2164781.69704999;1.31757783;693638.23387889;0.42217761;315835.16884567;0.19223066;18247344.46168260;11.10610673;1643001
2016;Niederösterreich;4870020.90389486;2.93178889;3078744.68598958;1.85342725;5056945.97268870;3.04431917;1815028.60595340;1.09266075;2221942.75184098;1.33762610;695564.64776914;0.41873510;339975.28367755;0.20466765;18078222.85181420;10.88322491;1661109
2017;Niederösterreich;5076202.30378835;3.04396197;3088303.38549228;1.85191163;5206744.12296231;3.12224182;1838420.34987780;1.10241501;2167958.54969331;1.30002372;611512.66904784;0.36669565;363929.18947569;0.21823138;18353070.57033760;11.00548117;1667630
2018;Niederösterreich;4772580.05264826;2.85167309;3123098.55089273;1.86608837;5227202.63543082;3.12331547;1668759.35901522;0.99710348;2135097.51018809;1.27574604;623176.46110738;0.37235531;356424.94938466;0.21296813;17906339.51866720;10.69924989;1673607
2019;Niederösterreich;4445599.02486280;2.64526405;3113154.00586170;1.85241951;5252609.69215181;3.12545948;1746504.61755604;1.03922235;2126575.05398150;1.26537560;611021.97949659;0.36357631;344377.23996580;0.20491473;17639841.61387620;10.49623204;1680588
1990;Oberösterreich;2295697.90199620;1.76042622;10636047.91847070;8.15611569;2489490.96504349;1.90903393;2134516.54845935;1.63682639;2529513.42340315;1.93972463;606929.51645934;0.46541604;1399174.71547296;1.07293902;22091370.98930520;16.94048193;1304058
1991;Oberösterreich;2334382.73440444;1.76771246;10666254.28816890;8.07702622;2757721.50257239;2.08828594;2381846.33554804;1.80365429;2502049.13848157;1.89467792;618787.81903429;0.46857738;1418830.47396624;1.07441006;22679872.29217590;17.17434427;1320567
1992;Oberösterreich;2204432.05874303;1.64760562;9640105.88785151;7.20507241;2755287.32982139;2.05931812;2268748.71506381;1.69567627;2415734.03065623;1.80553397;615905.39767681;0.46033135;691555.96598765;0.51687304;20591769.38580040;15.39041077;1337961
1993;Oberösterreich;1866099.93519964;1.38146328;10084430.35678320;7.46544702;2784084.64493887;2.06104219;2179617.48257345;1.61355855;2388621.02368811;1.76828270;610780.47246417;0.45215735;283031.83641376;0.20952688;20196665.75206120;14.95147796;1350814
1994;Oberösterreich;1851353.88668594;1.36349126;10176875.58374420;7.49509913;2796952.32425131;2.05990874;1951296.44200407;1.43709729;2362920.97690574;1.74025189;611864.71850469;0.45062816;370250.06833190;0.27268300;20121514.00042780;14.81915947;1357804
1995;Oberösterreich;1840639.51849985;1.35244978;11004491.27613830;8.08578847;2848695.01107986;2.09314040;2187580.25428219;1.60737200;2389749.41866119;1.75592018;617840.67347269;0.45397183;443963.51685508;0.32621182;21332959.66898920;15.67485447;1360967
1996;Oberösterreich;2198362.33859020;1.61336209;10827021.19733830;7.94587189;3140624.09953184;2.30488112;2446961.77624514;1.79580740;2390218.02294458;1.75416357;645324.39373234;0.47359887;602772.87959559;0.44237062;22251284.70797800;16.33005555;1362597
1997;Oberösterreich;1855048.48754353;1.36016278;11950413.05585830;8.76230846;2960321.80995442;2.17057375;2115495.66722687;1.55112844;2401789.91373303;1.76104575;585715.71608605;0.42945978;362071.56090853;0.26547892;22230856.21131070;16.30015787;1363843
1998;Oberösterreich;1752301.23317026;1.28332256;11368872.56385070;8.32615438;3327441.65355084;2.43689889;2158878.40291709;1.58108509;2391560.91693019;1.75149341;549899.06628693;0.40272635;277049.51374376;0.20290112;21826003.35044970;15.98458179;1365441
1999;Oberösterreich;1666046.81871784;1.21760435;11437570.61116950;8.35897023;3215322.13645248;2.34986807;2210248.01857323;1.61532532;2364841.61768888;1.72830764;528895.19225333;0.38653481;163828.63780609;0.11973161;21586753.03266130;15.77634204;1368299
2000;Oberösterreich;1775049.45247225;1.29416494;12121666.42984780;8.83774571;3387526.55070372;2.46980054;2134598.85744879;1.55630763;2332797.29336561;1.70081147;488155.19655744;0.35590746;187530.90725756;0.13672629;22427324.68765320;16.35146403;1371579
2001;Oberösterreich;1726510.56421745;1.25521225;12149384.57556130;8.83287755;3633145.60474909;2.64137908;2316236.00474710;1.68395600;2314981.41187480;1.68304388;480805.17240534;0.34955624;208681.38595392;0.15171609;22829744.71950900;16.59774108;1375473
2002;Oberösterreich;1500469.24723122;1.08685473;12419003.35809500;8.99562088;4025112.67131718;2.91556307;2078014.33440706;1.50519559;2286493.74354207;1.65620624;470098.17181033;0.34051242;208110.38775303;0.15074335;22987301.91415580;16.65069629;1380561
2003;Oberösterreich;1861861.08472700;1.34421862;12831093.77679370;9.26373904;4349367.34360300;3.14013791;2219604.35460962;1.60250060;2237200.50224123;1.61520460;443120.95546394;0.31992260;200500.45072415;0.14475647;24142748.46816270;17.43047985;1385088
2004;Oberösterreich;1933578.10277976;1.38974263;11808918.57174350;8.48755864;4445518.44717193;3.19517814;2145111.26843010;1.54178027;2216225.57063674;1.59289306;487205.78832510;0.35017497;196033.57155235;0.14089744;23232591.32063950;16.69822515;1391321
2005;Oberösterreich;1968148.38062776;1.40826260;12972136.97745550;9.28190961;4525538.30948594;3.23814323;2137004.85682140;1.52908391;2200734.73802348;1.57468434;460892.47236608;0.32978084;231595.39025399;0.16571267;24496051.12503420;17.52757720;1397572
2006;Oberösterreich;1865114.79477980;1.33005781;12994352.23343050;9.26658226;4274035.28630806;3.04791642;2085589.05659546;1.48728326;2198863.73163969;1.56806213;551296.71949422;0.39314283;218374.35249495;0.15572796;24187626.17474270;17.24877266;1402281
2007;Oberösterreich;1729105.73256637;1.23056900;13050574.47204370;9.28782556;4325130.91308052;3.07810676;1811684.96959140;1.28933895;2192964.03302735;1.56068742;530505.27454445;0.37754970;214940.19381703;0.15296852;23854905.58867090;16.97704591;1405127
2008;Oberösterreich;1851409.79014178;1.31510012;13453150.36416830;9.55609061;4061451.59730582;2.88494504;1839476.76744127;1.30662382;2226544.53337642;1.58156720;519060.62983758;0.36870103;223794.05740534;0.15896621;24174887.73967650;17.17199403;1407809
2009;Oberösterreich;1397775.30730617;0.99194487;11318892.18864610;8.03256216;3953239.37105548;2.80545485;1604094.50075256;1.13836130;2218162.46873051;1.57414062;503093.76113435;0.35702539;236159.81236510;0.16759311;21231417.40999020;15.06708230;1409126
2010;Oberösterreich;1698393.89756636;1.20452272;13357373.24613510;9.47322030;4106971.77067625;2.91271702;1635973.05424124;1.16025306;2194273.12515332;1.55620662;463906.57411751;0.32900849;246381.29151687;0.17473677;23703272.95940670;16.81066497;1410014
2011;Oberösterreich;1482725.74276700;1.04986228;12998793.78117790;9.20395650;3979278.22500357;2.81757710;1423209.30555849;1.00772093;2208192.04194274;1.56353765;468344.91090521;0.33161740;250145.90385817;0.17711890;22810689.91121310;16.15139075;1412305
2012;Oberösterreich;1351823.84762465;0.95441701;12899754.93853750;9.10750730;3978635.94877168;2.80900344;1326303.11688975;0.93639882;2190903.10079669;1.54682520;504102.76016420;0.35590750;262417.81518654;0.18527268;22513941.52797100;15.89533195;1416387
2013;Oberösterreich;897159.77067681;0.63094111;12661651.47510470;8.90449694;4171250.18541044;2.93349446;1354175.41012416;0.95234424;2181140.80891383;1.53392010;508650.54085780;0.35771615;266142.22282462;0.18716852;22040170.41391240;15.50008152;1421939
2014;Oberösterreich;777858.50423338;0.54348079;12786869.53780630;8.93403859;4056200.00892192;2.83402027;1174539.72948958;0.82063739;2223372.56638385;1.55344483;503004.64810448;0.35144356;278400.63450149;0.19451532;21800245.62944100;15.23158074;1431253
2015;Oberösterreich;993965.89628926;0.68828388;12771455.53987610;8.84375111;4149796.57138190;2.87357756;1246143.51925588;0.86290737;2225170.66021322;1.54084673;495758.99199794;0.34329440;280522.92714499;0.19425154;22162814.10615930;15.34691259;1444122
2016;Oberösterreich;1090544.41363694;0.74680705;12941144.57568160;8.86212235;4298706.82741656;2.94376325;1364636.89132478;0.93450614;2263789.56121402;1.55024773;500490.11125722;0.34273665;301364.67252720;0.20637515;22760677.05305830;15.58655833;1460276
2017;Oberösterreich;1069825.39190774;0.72817510;13417470.62167220;9.13258191;4438846.01983767;3.02129410;1395913.39567645;0.95012643;2239441.39371986;1.52427254;487878.15119004;0.33207356;336892.75306814;0.22930556;23386267.72707210;15.91782920;1469187
2018;Oberösterreich;977204.79776637;0.66127794;11729924.48370280;7.93768135;4524407.78026849;3.06168273;1223274.66183844;0.82779429;2212422.70058635;1.49715426;461776.34968611;0.31248569;321325.25262717;0.21744193;21450336.02647580;14.51551818;1477752
2019;Oberösterreich;1189462.02717461;0.80036957;12927679.43797320;8.69882430;4539344.27986898;3.05445061;1311769.73931275;0.88266843;2175495.14452270;1.46385514;440804.03114174;0.29660983;308945.77057503;0.20788456;22893500.43056900;15.40466243;1486141
1990;Salzburg;248777.12814110;0.52232390;802967.52659661;1.68588300;824949.45861027;1.73203550;721585.94994405;1.51501704;633630.90567671;1.33034965;81099.83419914;0.17027442;21867.19179726;0.04591160;3334877.99496512;7.00179512;476289
1991;Salzburg;299586.36183757;0.61794974;820727.33589822;1.69289498;915458.44393555;1.88829461;763161.01009291;1.57415427;621036.36537670;1.28099711;80874.20891524;0.16681733;25139.58085246;0.05185482;3525983.30690864;7.27296286;484807
1992;Salzburg;253832.88305335;0.51411066;780619.41894489;1.58105899;916247.65548418;1.85575911;767992.99385482;1.55548555;599180.02989304;1.21357342;69552.50646424;0.14087097;25527.58833564;0.05170333;3412953.07603017;6.91256203;493732
1993;Salzburg;266700.69172016;0.53210836;866408.02111206;1.72861551;928325.88760338;1.85215105;730885.18130678;1.45822687;593257.08786088;1.18363794;66535.65594782;0.13274873;40332.96176093;0.08047038;3492445.48731200;6.96795883;501215
1994;Salzburg;313561.28846422;0.62062095;886490.88503606;1.75460057;933527.41134493;1.84769833;664651.56671517;1.31552173;588958.52693384;1.16570513;80204.13878773;0.15874526;43769.98332321;0.08663241;3511163.80060517;6.94952438;505238
1995;Salzburg;396192.79646937;0.78074623;763839.97997252;1.50523984;950392.24023699;1.87286383;774061.11241559;1.52538183;594335.53667338;1.17121066;80252.33297091;0.15814701;52554.29573009;0.10356465;3611628.29446885;7.11715406;507454
1996;Salzburg;321928.26361100;0.63227701;762338.08791552;1.49725544;1056163.83243988;2.07433823;894063.09574120;1.75596740;593054.55526099;1.16477738;91722.97921296;0.18014675;57737.39738330;0.11339802;3777008.21156484;7.41816024;509157
1997;Salzburg;267810.26905803;0.52460283;925952.97006458;1.81381226;995663.46900369;1.95036536;789441.90471420;1.54640619;595241.98321695;1.16599572;101611.76075759;0.19904322;64222.61761704;0.12580312;3739944.97443207;7.32602869;510501
1998;Salzburg;271772.85143794;0.53173377;849548.60198576;1.66217368;1123294.51972568;2.19776782;849413.04072749;1.66190845;595280.93285348;1.16468945;102541.77994795;0.20062684;75174.34600033;0.14708143;3867026.07267861;7.56598143;511107
1999;Salzburg;237843.96942631;0.46449455;759633.84542123;1.48351788;1086017.14621666;2.12092426;880725.83299794;1.72000303;592989.55901428;1.15807190;101042.65430366;0.19733005;76016.57529821;0.14845567;3734269.58267829;7.29279734;512049
2000;Salzburg;188668.94427742;0.36716521;747263.94840021;1.45423681;1146634.34281649;2.23144429;807842.36670711;1.57212737;587123.49847535;1.14259039;108180.54021709;0.21052819;56609.57112162;0.11016686;3642323.21201529;7.08825912;513853
2001;Salzburg;235213.74596110;0.45588565;720698.41132690;1.39684041;1231889.78590790;2.38761929;916974.24249203;1.77725752;588482.21183033;1.14058213;115156.58671676;0.22319374;67613.81167661;0.13104747;3876028.79591163;7.51242622;515949
2002;Salzburg;217239.11641248;0.42038361;721705.53539289;1.39658632;1366635.36570128;2.64460250;900281.09737147;1.74215134;579983.78528079;1.12233783;114663.67922178;0.22188790;74956.74276263;0.14505024;3975465.32214331;7.69299975;516764
2003;Salzburg;222973.07277093;0.43052641;745406.10042170;1.43926354;1481921.70247603;2.86136090;932233.15808211;1.79999760;572505.70144464;1.10541969;125031.55964070;0.24141654;73291.37724151;0.14151428;4153362.67207762;8.01949897;517908
2004;Salzburg;294415.08805330;0.56537286;793985.39456485;1.52471055;1519229.07542024;2.91741462;913372.18458341;1.75397207;579312.35348901;1.11246839;132092.08892505;0.25365983;72997.01372482;0.14017804;4305403.19876068;8.26777636;520745
2005;Salzburg;303737.20842019;0.58036443;862684.71418458;1.64837073;1544065.85267749;2.95031652;834847.76711500;1.59518142;566008.92277086;1.08149887;128134.84058993;0.24483304;84799.84120167;0.16203090;4324279.14695971;8.26259591;523356
2006;Salzburg;297060.73542321;0.56550683;871829.90886295;1.65968001;1453993.15612518;2.76792910;864831.31969532;1.64635698;560762.51828502;1.06750908;127880.80854617;0.24344338;77890.24763608;0.14827765;4254248.69457391;8.09870302;525300
2007;Salzburg;262631.82916493;0.49946528;884594.92278401;1.68229590;1468015.20046780;2.79182696;697375.48054758;1.32624762;561353.26557154;1.06756468;131641.14112289;0.25035114;80656.40559610;0.15338992;4086268.24525485;7.77114149;525826
2008;Salzburg;284418.48385075;0.54039593;924608.76933433;1.75675930;1383379.60670306;2.62842520;724630.96592995;1.37680090;571122.58404040;1.08513454;131120.21106370;0.24912877;83903.34345597;0.15941659;4103183.96437816;7.79606123;526315
2009;Salzburg;299967.58111031;0.56971952;823992.26260691;1.56498403;1341997.47257750;2.54881594;651688.27057273;1.23773218;567989.20048557;1.07876502;126003.20777555;0.23931415;88109.51710513;0.16734379;3899747.51223369;7.40667463;526518
2010;Salzburg;320711.07094824;0.60842829;719205.71840532;1.36442158;1396587.26724494;2.64949758;627013.02842630;1.18952073;565241.93479117;1.07233338;122332.10441520;0.23207903;92379.79759564;0.17525582;3843470.92182681;7.29153641;527114
2011;Salzburg;291065.45957046;0.55063566;694144.75970651;1.31317834;1349287.69935845;2.55257331;554778.46505616;1.04952613;566260.10626202;1.07124703;114459.63763718;0.21653397;93778.77184675;0.17741004;3663774.89943752;6.93110448;528599
2012;Salzburg;242630.41817200;0.45733849;712800.84074716;1.34357128;1347677.28311687;2.54026144;582150.32078663;1.09730574;559232.80461739;1.05410809;116454.75079302;0.21950768;96714.28434806;0.18229852;3657660.70258113;6.89439124;530527
2013;Salzburg;221817.67341397;0.41624478;673638.95295951;1.26409537;1418006.03207047;2.66091332;606584.55127688;1.13826661;562216.59054169;1.05500935;112314.07197707;0.21075934;96313.11798004;0.18073326;3690890.99021964;6.92602203;532902
2014;Salzburg;187947.59264831;0.35042621;644535.04804074;1.20172847;1387332.09196078;2.58666535;515349.85558540;0.96086411;573317.47855005;1.06894410;102548.96898633;0.19120142;98515.81095958;0.18368164;3509546.84673120;6.54351129;536340
2015;Salzburg;252562.31082114;0.46646494;611630.10467927;1.12963807;1411141.76505377;2.60628024;502685.47609565;0.92842495;575483.47631678;1.06287777;98753.12336860;0.18239012;104115.37705627;0.19229383;3556371.63339147;6.56836991;541439
2016;Salzburg;253409.63732392;0.46273117;646745.06114069;1.18096969;1481725.78614529;2.70566155;509566.46055935;0.93047877;593198.56463693;1.08319270;98298.37874721;0.17949485;112152.38989945;0.20479255;3695096.27845285;6.74732128;547639
2017;Salzburg;262484.66935167;0.47639946;646980.73120054;1.17424485;1520787.74794163;2.76017058;524312.04672570;0.95160596;597741.21398394;1.08487704;97351.09963369;0.17668846;120308.65059549;0.21835552;3769966.15943265;6.84234188;550976
2018;Salzburg;220549.74535978;0.39815454;712714.67360536;1.28665115;1516976.35028504;2.73857049;464820.99646030;0.83913310;594622.67905775;1.07346177;94754.28000744;0.17105822;118065.19500633;0.21314100;3722503.91978199;6.72017027;553930
2019;Salzburg;224761.21664971;0.40379144;667353.10489304;1.19892335;1524953.86459282;2.73963330;481885.28702729;0.86572388;589560.01644906;1.05916532;93223.29328856;0.16747893;114067.91264270;0.20492702;3695804.69554317;6.63964324;556627
1990;Steiermark;2671797.26351203;2.28235649;4634736.67972463;3.95917815;2082383.50764368;1.77885560;2080030.30930800;1.77684540;1647288.30504649;1.40717981;887856.84051677;0.75844296;43982.03572451;0.03757122;14048074.94147610;12.00042963;1170631
1991;Steiermark;3154604.32827011;2.68585770;4603947.20223338;3.91984089;2309789.60769351;1.96657506;2254938.74777546;1.91987456;1625182.83578326;1.38369487;907090.26053763;0.77230458;64151.96011776;0.05461954;14919704.94241110;12.70276720;1174524
1992;Steiermark;1727020.79488156;1.46223243;4153976.58221022;3.51708521;2308538.27022868;1.95459113;2083782.59042631;1.76429520;1564623.14113299;1.32473373;913624.59695626;0.77354686;78987.73766322;0.06687727;12830553.71349920;10.86336184;1181085
1993;Steiermark;1758977.21833537;1.48376043;4127452.88904594;3.48165469;2330790.28540482;1.96610528;2027244.98898268;1.71005393;1537580.50988323;1.29700436;905169.49317983;0.76354296;128820.03827322;0.10866433;12816035.42310510;10.81078598;1185486
1994;Steiermark;1916350.77323577;1.61564390;4983585.92942985;4.20157954;2338790.52978268;1.97179593;1850418.32671432;1.56005734;1514988.53092515;1.27726198;895263.78222239;0.75478221;147908.27451798;0.12469904;13647306.14682810;11.50581993;1186122
1995;Steiermark;2922200.78701428;2.46426620;4945009.09121753;4.17008264;2379798.41162506;2.00686305;2020944.44007833;1.70424466;1530734.68651763;1.29085509;854149.58798829;0.72029683;188216.01231284;0.15872091;14841053.01675390;12.51532936;1185830
1996;Steiermark;2715040.01153541;2.29104540;4787042.97589840;4.03947373;2625733.12472503;2.21568514;2183617.97773148;1.84261297;1512577.67175195;1.27636577;879604.18994716;0.74224068;214244.67081646;0.18078712;14917860.62240590;12.58821080;1185066
1997;Steiermark;3072496.47989261;2.59433466;5492881.40220692;4.63804359;2473802.70970105;2.08881349;1807526.41350670;1.52622743;1500207.18753786;1.26673522;790499.46399759;0.66747681;236780.91344306;0.19993153;15374194.57028580;12.98156274;1184310
1998;Steiermark;2494176.23084356;2.10709810;4969624.37159802;4.19837457;2782670.45697981;2.35082010;1848692.13021880;1.56178847;1489385.14816651;1.25824333;753472.97155848;0.63653941;181484.89041648;0.15331975;14519506.19978170;12.26618372;1183702
1999;Steiermark;3230496.00387720;2.73042888;4558232.45678235;3.85263734;2688254.40988952;2.27212399;1915927.47391196;1.61935000;1470871.18178373;1.24318654;703075.73953939;0.59424259;175715.43669949;0.14851543;14742572.70248370;12.46048476;1183146
2000;Steiermark;2729509.49079253;2.30789415;5027965.62147066;4.25131787;2831049.64270311;2.39374985;1789648.30728900;1.51320920;1438515.44012180;1.21631428;669424.59301332;0.56602152;155874.86175471;0.13179756;14641987.95714510;12.38030442;1182684
2001;Steiermark;3280113.60568499;2.76738614;4801124.06947136;4.05064147;3038667.30681784;2.56368126;1918047.75755812;1.61823016;1434236.50513002;1.21004535;632603.58343748;0.53371883;193123.32633110;0.16293546;15297916.15443090;12.90663867;1185275
2002;Steiermark;2947047.16667579;2.47950855;5178823.88721930;4.35722179;3366572.84149178;2.83247796;1853644.82034464;1.55957062;1399676.94292129;1.17762315;638733.01904484;0.53740028;194843.52454496;0.16393229;15579342.20224260;13.10773465;1188561
2003;Steiermark;3301138.01937256;2.77327553;5204783.61537027;4.37252213;3636924.48781434;3.05536867;1942250.59296312;1.63167853;1380156.48816643;1.15946507;658802.12467769;0.55345757;191222.61942684;0.16064551;16315277.94779130;13.70641300;1190339
2004;Steiermark;3015185.82323181;2.52450319;5636180.63218134;4.71896487;3704898.64214036;3.10197413;1885599.05653635;1.57874211;1372397.54393252;1.14905753;701343.31663693;0.58720873;204687.35593244;0.17137713;16520292.37059170;13.83182769;1194368
2005;Steiermark;2737799.29374210;2.28427290;5530148.96679582;4.61405971;3772588.79943021;3.14764577;1873285.74137724;1.56296916;1373484.56290111;1.14596186;644116.61760662;0.53741636;225967.37525633;0.18853506;16157391.35710940;13.48086081;1198543
2006;Steiermark;2402952.79830992;1.99996904;5553006.65561989;4.62174762;3550997.83804872;2.95548283;1904450.19978648;1.58506710;1362964.65893259;1.13439062;600046.30694202;0.49941640;182857.54957351;0.15219169;15557276.00721310;12.94826529;1201495
2007;Steiermark;1891823.61690080;1.57241568;5666519.50221314;4.70980699;3573749.34165074;2.97037178;1584768.07327979;1.31720216;1383547.06221576;1.14995450;553832.82814149;0.46032591;190939.57591250;0.15870210;14845180.00031420;12.33877912;1203132
2008;Steiermark;1836658.46374081;1.52513196;5869114.70573896;4.87361945;3345735.56129587;2.77824557;1663813.54947885;1.38160429;1426791.51443104;1.18478497;524504.84166380;0.43554047;197482.75796367;0.16398654;14864101.39431300;12.34291325;1204262
2009;Steiermark;1532743.02123341;1.27237660;4703490.72284296;3.90451070;3244502.07676300;2.69335985;1414028.25281939;1.17382786;1397822.84146740;1.16037525;533674.55141268;0.44301948;205192.17561339;0.17033627;13031453.64215220;10.81780600;1204630
2010;Steiermark;1660826.02086010;1.37769119;5176191.38429951;4.29376298;3358839.27421962;2.78623000;1368090.35331204;1.13486061;1365826.72426242;1.13298288;509965.55584484;0.42302749;216365.69312408;0.17948003;13656105.00592260;11.32803518;1205514
2011;Steiermark;1836717.34421920;1.52146645;5568824.62733399;4.61300149;3241119.22791073;2.68481930;1213837.69583434;1.00549676;1400061.98233666;1.15975784;473068.52150272;0.39187188;219976.51672233;0.18222014;13953605.91586000;11.55863386;1207202
2012;Steiermark;1871655.01538836;1.54750528;5164947.17959637;4.27043603;3220147.58951605;2.66245400;1085820.98180319;0.89776892;1376263.33154256;1.13790990;458876.19002813;0.37940396;225727.41540440;0.18663395;13403437.70327910;11.08211203;1209466
2013;Steiermark;1531107.37736805;1.26276689;5389384.26242192;4.44484567;3390865.82284593;2.79658576;1132132.75428412;0.93371620;1386371.69941959;1.14339745;442643.29960586;0.36506604;225076.32973425;0.18562966;13497581.54567970;11.13200765;1212502
2014;Steiermark;1257072.57510608;1.03219709;5144615.77036303;4.22430456;3308768.87077507;2.71686906;999718.42907228;0.82088057;1421857.97352149;1.16750432;409706.41994332;0.33641476;230186.63980199;0.18900896;12771926.67858330;10.48717931;1217861
2015;Steiermark;1536983.72863306;1.25448909;5438609.65710518;4.43900373;3368943.70694423;2.74973837;1007998.97698438;0.82273072;1407914.20943277;1.14914230;385373.87211145;0.31454290;244241.29030007;0.19935021;13390065.44151110;10.92899732;1225187
2016;Steiermark;1396351.04272389;1.13011604;5304361.21755188;4.29300623;3483810.67782551;2.81957060;1012712.77408969;0.81962409;1441813.85370508;1.16691070;373239.85637132;0.30207615;264367.27046164;0.21396174;13276656.69272900;10.74526555;1235582
2017;Steiermark;1791214.16054223;1.44678290;5651012.72891582;4.56438361;3599045.90075853;2.90698799;1011444.27345063;0.81695439;1418210.85100202;1.14550412;355109.01855106;0.28682536;280223.91492843;0.22633986;14106260.84814870;11.39377824;1238067
2018;Steiermark;1485445.79043055;1.19675498;5569831.66469822;4.48735580;3656307.72185095;2.94571805;986856.94046851;0.79506500;1402109.39856493;1.12961470;293593.64685002;0.23653482;279288.17327486;0.22500957;13673433.33613800;11.01605292;1241228
2019;Steiermark;1450227.56525824;1.16533376;5428461.12828524;4.36205267;3675152.38540656;2.95317731;985338.09704167;0.79177074;1398743.83203558;1.12396389;298759.60050155;0.24006898;268169.59644524;0.21548831;13504852.20497410;10.85185565;1244474
1990;Tirol;22424.28372816;0.03609368;1109621.98758305;1.78602560;1055074.46662434;1.69822699;911753.29681588;1.46754007;712830.84810938;1.14735843;356684.68066117;0.57411261;10679.52129862;0.01718955;4179069.08482061;6.72654694;621280
1991;Tirol;15752.11836752;0.02507165;1093110.68951415;1.73983531;1169352.42155709;1.86118447;947337.38759787;1.50781715;697568.86149219;1.11027634;364480.93027730;0.58012130;14851.00523777;0.02363741;4302453.41404390;6.84794363;628284
1992;Tirol;14907.64293688;0.02343195;1014464.30326136;1.59454316;1169477.60764709;1.83819432;937383.07278183;1.47338626;670813.09358862;1.05438942;365758.46155815;0.57490209;15266.48905686;0.02399599;4188070.67083080;6.58284320;636210
1993;Tirol;58778.09550715;0.09142749;1107577.00595298;1.72280147;1185218.00953321;1.84356963;980222.61814232;1.52470569;667575.91994306;1.03839351;360811.28276314;0.56123069;34186.93084877;0.05317670;4394369.86269063;6.83530519;642893
1994;Tirol;59696.21890763;0.09214456;1083376.74618856;1.67225447;1192545.43998277;1.84076264;904117.68875986;1.39555778;665883.78058814;1.02783001;337813.83408358;0.52143513;38583.63000382;0.05955606;4282017.33851436;6.60954063;647854
1995;Tirol;67237.89610302;0.10318274;1003448.50568678;1.53988405;1214883.19334791;1.86435004;1093878.52875010;1.67865725;675527.05048085;1.03665841;315451.18184411;0.48408886;49919.80986505;0.07660654;4420346.16607782;6.78342789;651639
1996;Tirol;45222.33595224;0.06898612;1043556.97379963;1.59193349;1347460.53185166;2.05553467;1148682.03079458;1.75230048;675201.09277013;1.03001106;296313.89240691;0.45202324;56722.89213716;0.08653008;4613159.74971231;7.03731915;655528
1997;Tirol;54882.07886000;0.08324447;1191270.14390000;1.80690403;1269944.31371515;1.92623605;1041758.29200014;1.58012628;682829.67885978;1.03570773;288388.93242307;0.43742482;65273.41040174;0.09900591;4594346.85015989;6.96864929;659288
1998;Tirol;46164.74111009;0.06968568;1075480.30322794;1.62343756;1431559.17059802;2.16093862;1127535.71459494;1.70201520;678490.63313099;1.02418164;282534.49341864;0.42648583;74681.98105912;0.11273245;4716447.03713974;7.11947698;662471
1999;Tirol;56830.11232114;0.08535959;777045.91858680;1.16713342;1385255.48280644;2.08067237;1092084.54766322;1.64032568;678027.61692285;1.01840660;280121.56277057;0.42074635;78382.81600006;0.11773204;4347748.05707108;6.53037605;665773
2000;Tirol;73334.79902146;0.10954010;880532.59289594;1.31525051;1462176.32872104;2.18405107;1038772.56601721;1.55161337;657823.77572541;0.98259061;271467.21246895;0.40549026;73754.39875788;0.11016686;4457861.67360790;6.65870277;669479
2001;Tirol;50399.92361892;0.07482229;876231.71367318;1.30082871;1570465.49182327;2.33146845;1140790.58235289;1.69358529;668337.26860683;0.99219452;255784.55064080;0.37973048;88272.92130870;0.13104747;4650282.45202459;6.90367721;673595
2002;Tirol;62004.99224029;0.09157976;935556.51308856;1.38179262;1741953.72672098;2.57282032;1122263.80624566;1.65755444;649724.13865526;0.95962564;251883.67565052;0.37202563;98207.71620094;0.14505024;4861594.56880221;7.18044866;677060
2003;Tirol;48361.85196650;0.07104671;972691.70959022;1.42894750;1887317.21647308;2.77259197;1235655.71569643;1.81525876;646349.54768136;0.94952960;245698.65434158;0.36094733;96329.47733031;0.14151428;5132404.17307948;7.53983616;680705
2004;Tirol;38597.44532767;0.05630513;1014726.25490042;1.48026091;1936173.88477816;2.82444896;1169061.99066919;1.70540257;653486.61696565;0.95329227;251391.11770410;0.36672397;96092.74768540;0.14017804;5159530.05803059;7.52661185;685505
2005;Tirol;43825.96833891;0.06345446;1045142.07724395;1.51323368;1955411.09145900;2.83118820;1186076.17591132;1.71728845;634424.72379909;0.91856684;256213.03591676;0.37096410;111909.55434365;0.16203090;5233002.62701267;7.57672663;690668
2006;Tirol;33441.86620070;0.04809731;1070166.41110694;1.53915226;1844934.26207209;2.65345157;1176990.88366368;1.69279110;629127.99340038;0.90483477;271781.96090671;0.39088670;102193.76377791;0.14697879;5128637.14112840;7.37619250;695296
2007;Tirol;31037.44882599;0.04447499;1056091.78252764;1.51332250;1866803.54050101;2.67502868;1036197.28652717;1.48481477;632689.47357361;0.90660986;275971.82912649;0.39545273;106663.87568487;0.15284357;5005455.23676677;7.17254710;697863
2008;Tirol;34077.34606239;0.04864287;1044635.54710759;1.49113932;1758699.71365634;2.51041266;1078146.73441373;1.53897404;642058.63268369;0.91649081;270465.78072104;0.38606973;111274.91721902;0.15883664;4939358.67186380;7.05056608;700562
2009;Tirol;30417.84741393;0.04328606;958739.75875032;1.36433267;1713845.97126671;2.43888503;978527.52371483;1.39249161;636848.26955307;0.90626564;233490.06543715;0.33226756;117494.90635550;0.16720089;4669364.34249152;6.64472945;702717
2010;Tirol;28148.85787565;0.03992882;981163.56195603;1.39176874;1789912.97757520;2.53897009;953497.73230723;1.35252510;628962.44561439;0.89217568;213374.30851955;0.30266890;123185.22891858;0.17473677;4718245.11276662;6.69277410;704976
2011;Tirol;26328.23186680;0.03716425;1015783.15256901;1.43385315;1734811.63134129;2.44881510;822373.33144796;1.16084086;627315.93895500;0.88550291;206127.76202232;0.29096460;125476.16309815;0.17711890;4558216.21130054;6.43425977;708429
2012;Tirol;38254.56846115;0.05366434;979288.57545195;1.37376720;1741583.22023647;2.44313062;959591.20174176;1.34613530;631988.66549300;0.88656737;188717.34470674;0.26473677;129859.40774293;0.18216959;4669282.98383399;6.55017119;712849
2013;Tirol;53034.17789990;0.07382479;981808.86222250;1.36670039;1836610.98675142;2.55660450;960318.07333676;1.33678472;639126.95645857;0.88967934;171871.22682596;0.23924868;129788.87829204;0.18066909;4772559.16178715;6.64351152;718379
2014;Tirol;82686.01003208;0.11406886;913439.02667142;1.26012795;1797352.27910666;2.47952384;874127.07932648;1.20589545;650637.69467622;0.89758234;156495.82891104;0.21589265;132777.00226714;0.18317152;4607514.92099104;6.35626260;724878
2015;Tirol;88882.07655026;0.12131240;912406.24556106;1.24531508;1833688.62796971;2.50274493;970842.91199076;1.32507348;647276.49922164;0.88344769;144818.56419042;0.19765838;140841.83088953;0.19223066;4738756.75637338;6.46778262;732671
2016;Tirol;90865.96648336;0.12236357;933587.99282295;1.25720518;1929696.52252242;2.59860289;870018.61435401;1.17160023;662956.47074393;0.89276245;131673.63421342;0.17731673;151984.15390327;0.20466765;4770783.35504335;6.42451872;742590
2017;Tirol;89878.95032677;0.12012915;991581.82990959;1.32531460;1985955.12346587;2.65436018;891013.15634918;1.19089793;661258.50843130;0.88381567;125010.52232801;0.16708482;163277.66024661;0.21823138;4907975.75105733;6.55983372;748186
2018;Tirol;92240.41450381;0.12261741;982771.29374528;1.30642156;1974025.18845646;2.62411924;844842.52671119;1.12306952;656823.40268819;0.87313117;115094.48684986;0.15299787;160207.82971988;0.21296813;4826005.14267467;6.41532490;752262
2019;Tirol;94347.18066621;0.12484823;900567.33558431;1.19170742;1982398.20698052;2.62327818;901961.65915462;1.19355250;651812.13460941;0.86253334;109583.52878854;0.14501026;154853.03855315;0.20491473;4795523.08433675;6.34584467;755695
1990;Vorarlberg;4651.87833745;0.01424361;370699.06983493;1.13504556;583450.75726807;1.78647115;622417.58030578;1.90578388;242310.64699472;0.74193233;184427.38103618;0.56469923;5614.00267030;0.01718955;2013571.31644742;6.16536531;326594
1991;Vorarlberg;5173.08666828;0.01558487;375009.12559809;1.12978377;644623.90630028;1.94204774;690021.94314741;2.07881765;234118.10015702;0.70532371;187360.04677869;0.56445650;7845.96483210;0.02363741;2144152.17348187;6.45965165;331930
1992;Vorarlberg;3136.56957249;0.00933059;384366.69972097;1.14340403;640737.13516530;1.90604812;685853.52257956;2.04025917;226706.81455668;0.67440152;187761.52869568;0.55854810;8066.49213523;0.02399599;2136628.76242590;6.35598751;336160
1993;Vorarlberg;13534.20747069;0.03996636;381424.45777658;1.12634201;642983.15178760;1.89872180;611990.92956012;1.80720213;220308.93511945;0.65056974;179369.93770746;0.52967735;18007.75908686;0.05317670;2067619.37850876;6.10565609;338640
1994;Vorarlberg;13631.08319755;0.04003596;370758.25735506;1.08895694;643500.54165086;1.89003040;550142.48171496;1.61582773;218132.47934608;0.64067859;172472.20537730;0.50656944;20277.11041536;0.05955606;1988914.15905718;5.84165512;340471
1995;Vorarlberg;9932.99248978;0.02904800;385688.97703096;1.12790715;651016.01462652;1.90382837;647838.69066384;1.89453662;221835.51430172;0.64873480;165821.85051948;0.48492869;26195.68335100;0.07660654;2108329.72298331;6.16559017;341951
1996;Vorarlberg;7794.58811930;0.02271581;446746.59992669;1.30195579;706221.03012515;2.05814338;741217.99427756;2.16013521;224365.45590729;0.65386934;158104.84006101;0.46076570;29691.49997175;0.08653008;2314142.00838875;6.74411531;343135
1997;Vorarlberg;7883.16472215;0.02289262;412108.15108950;1.19675726;666985.51477902;1.93691816;665823.94604867;1.93354497;228525.79795317;0.66363625;150853.10047597;0.43807564;34093.08218181;0.09900591;2166272.75725027;6.29083082;344354
1998;Vorarlberg;9069.47308024;0.02623009;386339.33251549;1.11734333;745010.42740936;2.15466653;685636.06415529;1.98294819;229761.85127031;0.66450100;140895.03428364;0.40748667;38979.04944199;0.11273245;2235691.23215633;6.46590825;345766
1999;Vorarlberg;8179.80900350;0.02354288;260978.48048272;0.75114042;718190.02773380;2.06707295;735216.00941108;2.11607662;230384.04072001;0.66308442;134787.78636505;0.38794216;40905.17449568;0.11773204;2128641.32821183;6.12659149;347443
2000;Vorarlberg;3588.05631086;0.01027340;274739.71460985;0.78664054;751272.82725799;2.15106019;673733.38597186;1.92904762;222724.69251061;0.63771003;126346.26119123;0.36175728;38476.54675797;0.11016686;2090881.48461038;5.98665591;349257
2001;Vorarlberg;3375.67821273;0.00960757;288174.36616813;0.82017773;804154.01027270;2.28871575;674342.58513846;1.91925735;219971.57745726;0.62606467;118560.43212478;0.33743677;46044.31526264;0.13104747;2154622.96463670;6.13230730;351356
2002;Vorarlberg;2719.43550722;0.00768995;242397.60735158;0.68544575;889195.29959986;2.51444370;685572.12992907;1.93864332;218229.24558238;0.61710307;116094.34726405;0.32828862;51294.84199143;0.14505024;2205502.90722559;6.23666466;353635
2003;Vorarlberg;3283.85836059;0.00923415;249008.15565247;0.70020656;958776.95062379;2.69606393;708451.78204384;1.99215396;218425.80040743;0.61420951;115390.82228081;0.32447696;50325.44943504;0.14151428;2303662.81880397;6.47785935;355621
2004;Vorarlberg;4122.84088696;0.01149958;274907.80803124;0.76678300;982923.50904958;2.74160651;663183.39320468;1.84977559;221038.18805242;0.61652787;121833.98528992;0.33982385;50256.77127507;0.14017804;2318266.49578986;6.46619444;358521
2005;Vorarlberg;3721.10962693;0.01029663;310398.93522911;0.85890057;983580.83363604;2.72165282;652558.88061374;1.80568658;216789.85388294;0.59987618;122424.45681420;0.33875901;58556.50725646;0.16203090;2348030.57705943;6.49720269;361391
2006;Vorarlberg;4876.40282742;0.01341924;314814.44483426;0.86632904;930971.19163740;2.56191352;635309.78055871;1.74829117;216099.71882091;0.59467876;117319.50964759;0.32284827;53410.47499985;0.14697879;2272801.52332613;6.25445878;363389
2007;Vorarlberg;4299.39566121;0.01177965;307807.49269636;0.84334286;940863.70204759;2.57781471;554016.98957395;1.51791715;219550.59099396;0.60153319;111723.43443447;0.30610418;55785.61217150;0.15284357;2194047.21757904;6.01133531;364985
2008;Vorarlberg;8275.59149117;0.02258641;300578.85671858;0.82036386;883813.96775298;2.41217578;580265.50653472;1.58370704;226965.45278698;0.61945227;106190.05748865;0.28982240;58197.26996939;0.15883664;2164286.70274247;5.90694439;366397
2009;Vorarlberg;9286.39989886;0.02526293;321623.35073367;0.87495131;859828.14793281;2.33909559;552760.02018513;1.50374064;226364.07492502;0.61580586;99366.79602080;0.27031964;61461.37439000;0.16720089;2130690.16408629;5.79637684;367590
2010;Vorarlberg;7544.52256154;0.02045174;307960.76384863;0.83482183;895343.18294150;2.42710151;601738.03655347;1.63119497;226763.32772780;0.61471135;92890.89550403;0.25180918;64459.34590211;0.17473677;2196700.07503908;5.95482734;368894
2011;Vorarlberg;8364.65382163;0.02260131;298913.33918930;0.80766433;869677.05563808;2.34986883;465013.99165173;1.25646857;226627.23642177;0.61234717;87438.84823068;0.23625991;65550.99531213;0.17711890;2021586.12026531;5.46232902;370096
2012;Vorarlberg;9498.49760590;0.02555441;323731.98639161;0.87095668;871651.24401370;2.34505859;447436.71102324;1.20376735;227460.47765098;0.61195134;81019.41894796;0.21797168;67711.88888506;0.18216959;2028510.22451844;5.45742964;371697
2013;Vorarlberg;11416.95539005;0.03053723;337564.26972007;0.90289210;912526.04721448;2.44075761;452413.12225541;1.21008137;227434.26846265;0.60832447;74941.11195390;0.20044698;67546.75168267;0.18066909;2083842.52667923;5.57370885;373870
2014;Vorarlberg;11168.05441202;0.02962561;284226.85766189;0.75397139;896697.98098677;2.37867959;382400.27263253;1.01439698;231719.83750006;0.61468550;69861.41851094;0.18532207;69050.71594896;0.18317152;1945125.13765317;5.15985266;376973
2015;Vorarlberg;10620.31485123;0.02787484;277425.19484403;0.72815012;912886.52994388;2.39602764;425678.84348777;1.11726731;234000.70551655;0.61417508;66770.04734395;0.17524947;73239.88197828;0.19223066;2000621.51796569;5.25097511;381000
2016;Vorarlberg;10672.68860355;0.02759883;275124.63229229;0.71145317;956415.99861001;2.47322527;433442.08610195;1.12085110;239706.48160190;0.61986429;63774.64705557;0.16491680;79146.61951767;0.20466765;2058283.15378293;5.32257712;386708
2017;Vorarlberg;10492.39384055;0.02688317;287190.32557461;0.73582698;976847.40258129;2.50283734;458418.60423749;1.17454087;239303.62282512;0.61313368;59158.33486976;0.15157300;85174.83310782;0.21823138;2116585.51703664;5.42302641;390296
2018;Vorarlberg;9878.52559195;0.02513460;299097.35057161;0.76101355;976314.55735831;2.48410294;407455.17283963;1.03671566;237938.73022724;0.60540355;55440.21541734;0.14106028;83701.79841020;0.21296813;2069826.35041629;5.26639870;393025
2019;Vorarlberg;10332.03541902;0.02609436;279598.48162042;0.70614772;984395.75568610;2.48616806;436319.87026077;1.10195977;236835.19130028;0.59814570;52333.48104755;0.13217228;81135.78330157;0.20491473;2080950.59863570;5.25560261;395949
1990;Wien;2341825.79745356;1.56360221;699174.00621559;0.46682807;2219843.80457537;1.48215665;2395863.86692139;1.59968263;43065.41403598;0.02875414;518824.57367916;0.34641144;25744.98970384;0.01718955;8244342.45258490;5.50462469;1497712
1991;Wien;2753502.73103749;1.82037852;714899.82625628;0.47263011;2455247.41900787;1.62319783;2509435.09699764;1.65902205;43051.24563892;0.02846177;491670.74534157;0.32505029;35753.91967907;0.02363741;9003560.98395884;5.95237798;1512599
1992;Wien;2151374.39930695;1.40614636;673295.97205686;0.44006877;2442432.69062764;1.59638315;2548309.55278113;1.66558466;38784.71949191;0.02534984;541612.43359750;0.35399991;36713.36140696;0.02399599;8432523.12926895;5.51152867;1529979
1993;Wien;1696229.68498325;1.09897088;659937.37473486;0.42756707;2453336.61889493;1.58949317;2783085.50360134;1.80313430;32591.84257815;0.02111594;491376.23902623;0.31835793;82076.70070149;0.05317670;8198633.96452026;5.31181601;1543471
1994;Wien;2210934.25726280;1.43004520;682500.34563378;0.44144521;2452034.42311285;1.58599020;2564091.06392443;1.65846909;29908.49237009;0.01934499;443339.34933029;0.28675448;92077.17853109;0.05955606;8474885.11016533;5.48160524;1546059
1995;Wien;2012681.40946673;1.30623197;705392.18344845;0.45780014;2477650.14950651;1.60799709;2488807.28000560;1.61523807;30778.89445830;0.01997553;384478.28005215;0.24952674;118037.65679212;0.07660654;8217825.85372987;5.33337607;1540830
1996;Wien;2535358.31409648;1.64570500;750380.30011522;0.48707301;2698265.67866535;1.75144842;2100543.13087743;1.36346579;31906.47227527;0.02071054;354992.08269462;0.23042591;133307.46683662;0.08653008;8604753.44556099;5.58535877;1540591
1997;Wien;2433584.92546704;1.57866821;912868.65991506;0.59217852;2545860.39637225;1.65150138;2220018.46855003;1.44012750;32441.73110467;0.02104497;398493.31828745;0.25850289;152621.87221811;0.09900591;8695889.37191462;5.64102939;1541543
1998;Wien;2915804.15078367;1.89147311;674976.28883242;0.43785502;2841083.69238762;1.84300218;2025712.04512758;1.31407312;31850.07060887;0.02066104;353486.40876417;0.22930554;173782.93882395;0.11273245;9016695.59532828;5.84910246;1541552
1999;Wien;2805902.36491816;1.81566441;470649.12677687;0.30455118;2740002.72389969;1.77302158;2251233.72204773;1.45674525;32262.60109814;0.02087673;320840.73777690;0.20761204;181941.45224735;0.11773204;8802832.72876482;5.69620323;1545386
2000;Wien;2247143.19343797;1.44861465;507881.42993586;0.32740436;2863938.46517460;1.84623002;1915727.35473923;1.23496834;29456.86814272;0.01898929;346512.80894944;0.22337852;170894.79806174;0.11016686;8081554.91844156;5.20975204;1551236
2001;Wien;2397981.29665840;1.53467267;478108.34961222;0.30598229;3066697.04380876;1.96264089;2108162.64665404;1.34919301;29007.62757190;0.01856445;371115.06109216;0.23750817;204766.39133310;0.13104747;8655838.41673058;5.53960895;1562536
2002;Wien;2402031.78515739;1.51754458;447858.99548347;0.28294629;3397310.35788786;2.14633710;2084153.10942232;1.31671666;27400.62356252;0.01731104;480303.60955951;0.30344400;229591.46858361;0.14505024;9068649.94965668;5.72934992;1582841
2003;Wien;2802587.82650035;1.75064578;480623.52923827;0.30022308;3661688.60945254;2.28728594;2159798.20201951;1.34912511;31254.30900504;0.01952311;529390.78483088;0.33068571;226548.51118232;0.14151428;9891891.77222890;6.17900301;1600888
2004;Wien;2680211.15318210;1.65419605;511574.39471732;0.31573794;3742860.33939037;2.31005113;2001934.61114998;1.23557143;29659.92969956;0.01830577;562902.61471145;0.34741714;227123.47019682;0.14017804;9756266.51304760;6.02145750;1620250
2005;Wien;3030421.97286762;1.84595769;530188.87560617;0.32296038;3796561.05560428;2.31264528;1905439.65660745;1.16068357;32560.02474885;0.01983368;504274.99861528;0.30717515;265998.50523973;0.16203090;10065445.08928940;6.13128663;1641653
2006;Wien;2443317.01004932;1.47488168;552473.50898921;0.33349461;3573193.57319943;2.15691935;1840016.41617572;1.11070585;30735.00714655;0.01855285;514077.72461305;0.31031741;243487.85374287;0.14697879;9197301.09391615;5.55185054;1656619
2007;Wien;2140362.82120841;1.28514968;570732.89090140;0.34268825;3570487.19845859;2.14384704;1541886.05700434;0.92580303;29598.99117395;0.01777228;509064.03750228;0.30566009;254554.55450478;0.15284357;8616686.55075374;5.17376394;1665458
2008;Wien;2458717.41605912;1.46794621;570981.80587078;0.34089748;3336515.75204057;1.99202463;1534305.52631716;0.91603775;31073.80576249;0.01855222;524182.14878225;0.31295634;266041.37252960;0.15883664;8721817.82736196;5.20725127;1674937
2009;Wien;2912646.59974567;1.72929410;486472.23010568;0.28882789;3211450.04157239;1.90669943;1632646.60235252;0.96933358;28403.65006472;0.01686379;531325.68923824;0.31545824;281616.12111954;0.16720089;9084560.93419875;5.39367792;1684298
2010;Wien;3011248.96344182;1.77592989;490238.24463174;0.28912546;3284869.19063766;1.93730158;1726423.30267958;1.01818441;28357.71083399;0.01672439;519121.50537109;0.30615981;296281.91924555;0.17473677;9356540.83684142;5.51816231;1695590
2011;Wien;2630257.82427636;1.53941020;473558.01121265;0.27715915;3158810.46218999;1.84875605;1569056.43516457;0.91832119;27670.22346479;0.01619454;566157.53617639;0.33135485;302627.82711576;0.17711890;8728138.31960052;5.10831488;1708614
2012;Wien;2050818.25724628;1.18727647;461836.24870519;0.26737002;3113241.09209832;1.80234298;1544107.67766838;0.89392744;22890.39514738;0.01325189;518929.93440864;0.30042316;314666.99227549;0.18216959;8026490.59754967;4.64676153;1727330
2013;Wien;1859822.60804323;1.06057584;404687.83495268;0.23077585;3218032.91690058;1.83510403;1645824.90208015;0.93854227;23267.82361349;0.01326863;513835.32556564;0.29301791;316820.76954684;0.18066909;7982292.18070260;4.55195360;1753597
2014;Wien;1642066.28176339;0.92196943;347928.97240867;0.19535136;3123246.67740484;1.75360642;1434334.92113718;0.80533470;24655.56017321;0.01384333;533011.28183546;0.29926935;326236.16342593;0.18317152;7431479.85814868;4.17254610;1781042
2015;Wien;1949386.34277966;1.07450087;325258.21451946;0.17928218;3150336.16744817;1.73646387;1598905.26820392;0.88131586;25582.63010528;0.01410113;535887.73108460;0.29538108;348749.67160643;0.19223066;7934106.02574753;4.37327566;1814225
2016;Wien;2042419.95649621;1.10214013;351812.79571532;0.18984685;3276737.77937713;1.76820844;1664093.10854289;0.89798564;27542.66442572;0.01486270;561666.64165223;0.30308916;379277.81812886;0.20466765;8303550.76433836;4.48080057;1853140
2017;Wien;2238156.15629159;1.19195479;361244.19538639;0.19238459;3362718.15200427;1.79085271;1672856.03450600;0.89089796;29302.09901230;0.01560516;549424.57714410;0.29260213;409777.20101767;0.21823138;8623478.41536232;4.59252871;1877719
2018;Wien;2180970.73898713;1.15264157;376528.42385567;0.19899502;3335475.71340028;1.76279667;1556366.03167645;0.82253840;27888.78822745;0.01473921;520824.29642954;0.27525529;402967.64292823;0.21296813;8401021.63550476;4.43993427;1892150
2019;Wien;2536522.63539647;1.33273924;366485.17943615;0.19255857;3343834.26500185;1.75691677;1515470.63663820;0.79625829;28009.32845539;0.01471666;511101.19134066;0.26854269;390001.91492056;0.20491473;8691425.15118928;4.56664696;1903240