                     .;Tschechien;Niederlande;Belgien;Polen;Norwegen;Dänemark;Frankreich;Österreich;Schweiz;Russland;LNG;Deutschland Import
01.01.2022;647;534;506;0;1260;0;0;0;62;967;0;3975
02.01.2022;644;601;541;0;1241;0;0;1;0;940;0;3968
03.01.2022;654;621;490;0;1234;0;0;0;0;921;0;3919
04.01.2022;643;612;415;0;1246;0;0;0;0;873;0;3790
05.01.2022;644;657;121;0;1297;0;0;0;0;910;0;3630
06.01.2022;647;603;246;0;1315;0;0;12;0;870;0;3692
07.01.2022;646;601;303;0;1322;0;0;9;0;914;0;3794
08.01.2022;639;646;417;0;1290;0;0;7;0;887;0;3887
09.01.2022;637;606;341;0;1321;0;0;7;0;882;0;3794
10.01.2022;652;683;333;0;1331;0;0;0;0;875;0;3875
11.01.2022;644;711;272;0;1400;0;0;0;0;899;0;3925
12.01.2022;635;724;307;0;1419;0;0;0;0;872;0;3958
13.01.2022;648;721;259;0;1337;0;0;0;0;796;0;3762
14.01.2022;641;743;221;0;1369;0;0;0;0;898;0;3872
15.01.2022;655;667;314;0;1313;0;0;8;0;834;0;3792
16.01.2022;648;674;245;0;1323;0;0;16;0;809;0;3716
17.01.2022;646;727;255;0;1322;0;0;0;0;929;0;3879
18.01.2022;646;725;289;0;1246;0;0;0;0;916;0;3823
19.01.2022;646;717;358;0;1354;0;0;0;0;883;0;3959
20.01.2022;651;794;313;0;1371;0;0;0;0;881;0;4010
21.01.2022;672;808;310;0;1344;0;0;0;0;890;0;4025
22.01.2022;652;620;341;0;1349;0;0;0;0;928;0;3891
23.01.2022;645;629;309;0;1336;0;0;0;0;948;0;3867
24.01.2022;639;743;333;0;1281;0;0;0;0;986;0;3983
25.01.2022;641;709;356;0;1322;0;0;0;0;952;0;3979
26.01.2022;628;779;391;0;1342;0;0;0;0;956;0;4097
27.01.2022;655;729;492;0;1374;0;0;0;0;926;0;4176
28.01.2022;640;709;309;0;1324;0;0;0;0;885;0;3866
29.01.2022;647;606;509;0;1339;0;0;0;0;927;0;4030
30.01.2022;657;620;483;0;1332;0;0;2;0;885;0;3980
31.01.2022;657;644;437;0;1315;0;0;0;0;891;0;3943
01.02.2022;632;718;532;0;1354;0;0;0;0;894;0;4130
02.02.2022;640;603;531;0;1352;0;0;0;0;921;0;4046
03.02.2022;643;564;605;0;1344;0;0;0;0;983;0;4139
04.02.2022;643;615;629;0;1360;0;0;0;0;987;0;4233
05.02.2022;650;598;525;0;1384;0;0;0;0;986;0;4142
06.02.2022;650;600;548;0;1384;0;0;2;0;1026;0;4211
07.02.2022;659;675;499;0;1380;0;0;0;0;984;0;4197
08.02.2022;659;622;530;0;1330;0;0;0;0;985;0;4126
09.02.2022;660;563;595;0;1379;0;0;0;0;945;0;4142
10.02.2022;652;559;491;0;1358;0;0;0;0;903;0;3964
11.02.2022;613;656;432;0;1394;0;0;0;0;909;0;4003
12.02.2022;649;723;551;0;1368;0;0;0;0;880;0;4171
13.02.2022;656;705;543;0;1392;0;0;0;0;864;0;4161
14.02.2022;647;675;588;0;1335;0;0;0;0;893;0;4139
15.02.2022;638;676;532;0;1343;0;0;0;0;972;0;4161
16.02.2022;654;583;616;0;1294;0;0;0;0;868;0;4015
17.02.2022;646;582;628;0;1269;0;0;0;0;864;0;3988
18.02.2022;640;581;537;0;1206;0;0;0;0;878;0;3843
19.02.2022;646;573;481;0;1225;0;0;0;0;824;0;3749
20.02.2022;645;520;434;0;1249;0;0;1;0;824;0;3673
21.02.2022;671;613;427;0;1273;0;0;0;0;838;0;3822
22.02.2022;647;601;408;0;1268;0;0;0;0;861;0;3784
23.02.2022;641;577;447;0;1328;0;0;0;0;917;0;3910
24.02.2022;645;555;469;0;1306;0;0;0;0;898;0;3873
25.02.2022;633;615;365;48;1236;0;0;4;0;1008;0;3910
26.02.2022;658;549;474;107;1257;0;0;8;0;1052;0;4104
27.02.2022;642;597;484;0;1262;0;0;13;0;1013;0;4011
28.02.2022;642;602;528;36;1299;0;0;0;0;976;0;4082
01.03.2022;642;621;407;167;1284;0;0;0;0;964;0;4086
02.03.2022;636;663;354;175;1252;0;0;5;0;1036;0;4121
03.03.2022;647;699;429;141;1222;0;0;5;0;1005;0;4149
04.03.2022;658;700;344;103;1304;0;0;1;0;995;0;4105
05.03.2022;669;647;275;138;1271;0;0;16;19;972;0;4006
06.03.2022;679;644;310;135;1273;0;0;15;13;948;0;4016
07.03.2022;662;707;345;127;1296;0;0;0;0;963;0;4099
08.03.2022;631;669;441;176;1297;0;0;0;0;995;0;4209
09.03.2022;636;585;499;177;1294;0;0;0;0;1023;0;4213
10.03.2022;642;601;447;176;1291;0;0;0;0;1007;0;4164
11.03.2022;651;618;591;192;1229;0;0;0;0;1004;0;4284
12.03.2022;635;533;536;205;1277;0;0;0;0;1004;0;4191
13.03.2022;646;567;511;204;1276;0;0;0;0;1004;0;4210
14.03.2022;645;556;476;243;1290;0;0;0;0;1003;0;4212
15.03.2022;643;634;425;0;1258;0;0;0;0;964;0;3924
16.03.2022;644;664;481;0;1082;0;0;0;0;864;0;3734
17.03.2022;655;637;583;0;1159;0;0;0;0;681;0;3716
18.03.2022;643;625;638;0;1197;0;0;0;0;637;0;3740
19.03.2022;637;591;690;0;1270;0;0;0;117;660;0;3965
20.03.2022;643;625;669;0;1268;0;0;0;151;668;0;4023
21.03.2022;645;551;575;0;1280;0;0;0;0;723;0;3774
22.03.2022;622;535;639;0;1283;0;0;0;0;813;0;3892
23.03.2022;649;547;577;0;1251;0;0;0;0;812;0;3836
24.03.2022;645;495;706;0;1244;0;0;0;27;914;0;4031
25.03.2022;643;468;675;0;1099;0;0;0;97;1014;0;3995
26.03.2022;674;469;671;0;1126;0;0;0;105;953;0;3999
27.03.2022;656;492;669;0;1203;0;0;0;128;960;0;4108
28.03.2022;655;525;607;0;1223;0;0;0;57;957;0;4024
29.03.2022;712;470;544;0;1277;0;0;0;35;978;0;4017
30.03.2022;715;598;595;135;1275;0;0;0;23;967;0;4308
31.03.2022;651;599;693;139;1257;0;0;0;22;945;0;4306
01.04.2022;681;827;670;0;1458;0;0;0;0;934;0;4570
02.04.2022;656;773;779;0;1443;0;0;5;0;946;0;4602
03.04.2022;678;691;823;0;1479;0;0;2;0;942;0;4615
04.04.2022;673;693;827;0;1451;0;0;0;0;947;0;4591
05.04.2022;642;772;826;0;1448;0;0;0;0;936;0;4623
06.04.2022;670;752;827;83;1450;0;0;0;0;916;0;4698
07.04.2022;668;716;826;0;1388;0;0;0;16;927;0;4541
08.04.2022;602;824;818;0;1407;0;0;1;55;892;0;4598
09.04.2022;659;731;802;0;1436;0;0;9;48;881;0;4567
10.04.2022;649;788;821;0;1417;0;0;2;12;881;0;4570
11.04.2022;653;795;822;0;1422;0;0;0;0;883;0;4575
12.04.2022;667;602;820;0;1437;0;0;0;0;885;0;4411
13.04.2022;659;565;811;0;1422;0;0;0;0;886;0;4342
14.04.2022;664;569;800;0;1281;0;0;0;0;919;0;4232
15.04.2022;660;534;792;0;1282;0;0;0;0;900;0;4168
16.04.2022;662;514;789;0;1286;0;0;0;0;905;0;4157
17.04.2022;649;507;807;0;1295;0;0;0;4;905;0;4168
18.04.2022;641;521;803;0;1283;0;0;0;46;905;0;4201
19.04.2022;646;615;804;0;1308;0;0;0;0;899;0;4272
20.04.2022;664;627;842;0;1335;0;0;0;0;914;0;4382
21.04.2022;665;695;843;0;1368;0;0;0;0;894;0;4465
22.04.2022;656;686;821;0;1337;0;0;0;0;899;0;4400
23.04.2022;660;615;834;0;1383;0;0;0;0;873;0;4363
24.04.2022;686;683;833;0;1394;0;0;0;2;881;0;4480
25.04.2022;693;840;694;0;1525;0;0;0;95;913;0;4760
26.04.2022;680;603;762;0;1476;0;0;0;198;927;0;4646
27.04.2022;669;566;737;0;1267;0;0;0;20;916;0;4175
28.04.2022;677;671;771;0;1276;0;0;0;14;905;0;4314
29.04.2022;673;638;787;0;1287;0;0;0;0;903;0;4288
30.04.2022;675;599;717;0;1140;0;0;0;0;906;0;4037
01.05.2022;617;572;664;0;1171;0;0;0;0;912;0;3936
02.05.2022;614;524;707;0;1055;0;0;0;0;943;0;3843
03.05.2022;622;580;768;0;1056;0;0;0;0;954;0;3980
04.05.2022;616;582;785;0;1048;0;0;0;0;936;0;3967
05.05.2022;616;509;763;0;931;0;0;0;0;929;0;3750
06.05.2022;616;717;768;0;995;0;0;0;164;929;0;4190
07.05.2022;570;549;828;0;1029;0;0;0;17;931;0;3923
08.05.2022;570;542;812;0;1051;0;0;0;34;930;0;3938
09.05.2022;519;425;760;0;1228;0;0;0;186;930;0;4047
10.05.2022;524;465;781;0;1080;0;0;0;279;918;0;4047
11.05.2022;407;366;795;0;1268;0;0;0;0;924;0;3761
12.05.2022;346;292;801;0;1274;0;0;0;0;925;0;3639
13.05.2022;433;369;812;0;1389;0;0;0;0;914;0;3917
14.05.2022;422;418;826;0;1256;0;0;0;22;931;0;3875
15.05.2022;425;416;819;0;1257;0;0;0;21;949;0;3887
16.05.2022;431;449;603;0;1245;0;0;0;0;966;0;3695
17.05.2022;540;451;634;0;1239;0;0;0;0;995;0;3859
18.05.2022;524;453;616;0;1105;0;0;0;0;1002;0;3700
19.05.2022;468;461;641;0;1179;0;0;1;0;1001;0;3752
20.05.2022;480;433;794;0;1079;0;0;0;0;1001;0;3788
21.05.2022;501;409;755;0;1141;0;0;0;61;1002;0;3869
22.05.2022;488;498;708;0;1113;0;0;0;76;1002;0;3885
23.05.2022;492;494;737;0;1077;0;0;0;2;1002;0;3803
24.05.2022;583;552;696;0;1041;0;0;0;0;960;0;3832
25.05.2022;570;568;829;0;1099;0;0;0;0;934;0;4000
26.05.2022;488;531;826;0;1248;0;0;0;0;926;0;4019
27.05.2022;516;521;816;0;1120;0;0;0;0;919;0;3892
28.05.2022;558;540;750;0;1087;0;0;0;0;893;0;3829
29.05.2022;559;561;688;0;1036;0;0;0;0;886;0;3731
30.05.2022;558;495;712;0;1055;0;0;0;0;897;0;3717
31.05.2022;542;424;810;0;1210;0;0;0;0;797;0;3784
01.06.2022;648;437;806;0;1115;0;0;0;45;935;0;3986
02.06.2022;592;450;834;0;1129;0;0;0;110;900;0;4016
03.06.2022;623;424;826;0;1128;0;0;0;48;864;0;3912
04.06.2022;618;396;814;0;1118;0;0;0;54;855;0;3855
05.06.2022;617;419;807;0;1163;0;0;0;56;840;0;3902
06.06.2022;610;375;811;0;1156;0;0;0;0;842;0;3794
07.06.2022;625;384;793;0;1089;0;0;0;48;1002;0;3940
08.06.2022;670;406;791;0;973;0;0;0;32;970;0;3843
09.06.2022;645;486;564;0;1086;0;0;0;0;836;0;3617
10.06.2022;670;492;536;0;1115;0;0;0;31;820;0;3664
11.06.2022;610;363;729;0;1114;0;0;0;74;805;0;3694
12.06.2022;624;397;759;0;1099;0;0;0;74;792;0;3745
13.06.2022;577;535;827;0;1043;0;0;0;0;697;0;3679
14.06.2022;465;619;832;0;1104;0;0;0;0;492;0;3512
15.06.2022;333;551;838;0;1080;0;0;0;0;483;0;3286
16.06.2022;219;499;825;0;1085;0;0;0;0;198;0;2825
17.06.2022;233;554;824;0;1168;0;0;0;7;182;0;2968
18.06.2022;218;451;796;0;1058;0;0;0;177;190;0;2891
19.06.2022;211;477;818;0;1033;0;0;0;151;186;0;2877
20.06.2022;222;555;834;0;1021;0;0;0;0;143;0;2774
21.06.2022;213;579;831;0;1138;0;0;0;0;182;0;2944
22.06.2022;233;491;829;0;1100;0;0;0;0;179;0;2832
23.06.2022;240;569;824;0;1130;0;0;0;0;182;0;2946
24.06.2022;215;625;830;0;1151;0;0;0;0;208;0;3029
25.06.2022;161;556;826;0;1322;0;0;0;0;192;0;3056
26.06.2022;159;574;831;0;1317;0;0;0;0;204;0;3085
27.06.2022;181;555;826;0;1282;0;0;0;0;218;0;3062
28.06.2022;217;582;830;0;1270;0;0;0;0;202;0;3101
29.06.2022;204;563;824;0;1274;0;0;0;0;190;0;3055
30.06.2022;198;624;818;0;1356;0;0;0;0;191;0;3188
01.07.2022;178;756;821;0;1347;0;0;0;0;160;0;3262
02.07.2022;214;774;826;0;1353;0;0;0;0;180;0;3346
03.07.2022;196;709;826;0;1438;0;0;0;0;161;0;3329
04.07.2022;238;778;823;0;1407;0;0;0;0;194;0;3439
05.07.2022;219;686;825;0;1453;0;0;0;0;243;0;3426
06.07.2022;231;695;828;0;1316;0;0;0;0;195;0;3265
07.07.2022;261;919;829;0;1286;0;0;0;0;192;0;3487
08.07.2022;240;715;824;0;1336;0;0;0;0;164;0;3279
09.07.2022;244;600;824;0;1305;0;0;0;0;172;0;3145
10.07.2022;202;581;814;0;1321;0;0;0;18;159;0;3095
11.07.2022;4;592;819;0;1278;0;0;0;0;0;0;2693
12.07.2022;12;577;793;0;1226;0;0;0;0;0;0;2608
13.07.2022;0;626;826;0;1220;0;0;0;0;0;0;2672
14.07.2022;0;676;826;0;1291;0;0;0;0;0;0;2793
15.07.2022;0;693;825;0;1241;0;0;0;0;0;0;2759
16.07.2022;0;639;828;0;1263;0;0;0;0;0;0;2729
17.07.2022;0;601;827;0;1264;0;0;0;0;0;0;2691
18.07.2022;0;656;825;0;1278;0;0;0;0;0;0;2759
19.07.2022;0;807;786;0;1288;0;0;0;0;0;0;2881
20.07.2022;11;696;827;0;1304;0;0;0;0;18;0;2856
21.07.2022;244;621;807;0;1307;0;0;0;0;224;0;3202
22.07.2022;257;490;826;0;1301;0;0;0;0;187;0;3061
23.07.2022;224;687;831;0;1275;0;0;0;0;161;0;3180
24.07.2022;224;700;826;0;1294;0;0;0;0;165;0;3210
25.07.2022;237;587;828;0;1390;0;0;0;0;132;0;3173
26.07.2022;149;619;829;0;1414;0;0;0;0;65;0;3075
27.07.2022;149;619;829;0;1414;0;0;0;0;65;0;3075
28.07.2022;112;707;832;0;1430;0;0;0;0;59;0;3140
29.07.2022;137;625;825;0;1417;0;0;0;0;59;0;3063
30.07.2022;143;612;828;0;1330;0;0;0;0;61;0;2974
31.07.2022;139;601;826;0;1319;0;0;0;0;47;0;2931
01.08.2022;144;639;822;0;1288;0;0;0;0;66;0;2960
02.08.2022;144;637;826;0;1386;0;0;0;20;59;0;3072
03.08.2022;130;610;757;0;1245;0;0;0;0;57;0;2800
04.08.2022;139;617;749;0;1415;0;0;0;0;59;0;2979
05.08.2022;119;601;826;0;1433;0;0;0;0;66;0;3046
06.08.2022;143;667;827;0;1442;0;0;0;0;71;0;3150
07.08.2022;143;626;820;0;1474;0;0;0;0;70;0;3134
08.08.2022;143;645;827;0;1448;0;0;0;0;80;0;3143
09.08.2022;143;628;823;0;1478;0;0;0;0;93;0;3166
10.08.2022;149;612;824;0;1461;0;0;0;0;69;0;3115
11.08.2022;149;675;792;0;1386;0;0;1;0;60;0;3062
12.08.2022;92;655;828;0;1385;0;0;7;4;65;0;3037
13.08.2022;138;682;831;0;1376;0;0;0;43;72;0;3143
14.08.2022;132;620;759;0;1261;0;0;0;31;64;0;2867
15.08.2022;133;628;826;0;1336;0;0;0;70;62;0;3055
16.08.2022;139;600;832;0;1454;0;0;0;65;66;0;3156
17.08.2022;150;603;825;0;1408;0;0;0;28;64;0;3078
18.08.2022;151;599;825;0;1389;0;0;7;7;63;0;3040
19.08.2022;150;549;826;0;1348;0;0;3;79;63;0;3019
20.08.2022;143;515;825;0;1365;0;0;0;196;63;0;3107
21.08.2022;143;554;826;0;1368;0;0;0;182;63;0;3136
22.08.2022;137;715;826;0;1370;0;0;0;91;63;0;3203
23.08.2022;166;600;827;0;1318;0;0;0;30;68;0;3008
24.08.2022;147;608;829;0;1374;0;0;0;0;68;0;3025
25.08.2022;148;592;826;0;1384;0;0;0;0;66;0;3017
26.08.2022;121;497;828;0;1242;0;0;0;0;83;0;2771
27.08.2022;121;607;826;0;1269;0;0;0;50;64;0;2937
28.08.2022;123;665;827;0;1314;0;0;0;0;63;0;2992
29.08.2022;118;757;824;0;1329;0;0;0;0;88;0;3116
30.08.2022;178;775;841;0;1317;0;0;0;0;77;0;3188
31.08.2022;20;687;822;0;1441;0;0;0;0;0;0;2970
01.09.2022;28;708;827;0;1391;0;0;0;0;0;0;2954
02.09.2022;53;647;815;0;1231;0;0;8;101;0;0;2855
03.09.2022;54;673;824;0;1261;0;0;0;112;0;0;2924
04.09.2022;54;668;826;0;1261;0;0;1;81;0;0;2891
05.09.2022;35;780;810;0;1293;0;0;0;0;0;0;2918
06.09.2022;104;689;826;0;1332;0;0;0;0;0;0;2951
07.09.2022;56;789;826;0;812;0;0;0;0;0;0;2483
08.09.2022;100;667;827;0;1385;0;0;0;0;0;0;2979
09.09.2022;111;698;821;0;1315;0;0;0;0;0;0;2945
10.09.2022;96;651;823;0;1244;0;0;7;86;0;0;2907
11.09.2022;83;561;658;0;1269;0;0;11;155;0;0;2738
12.09.2022;97;649;681;0;1172;0;0;0;0;0;0;2598
13.09.2022;115;636;824;0;1152;0;0;3;0;0;0;2730
14.09.2022;116;671;723;0;1150;0;0;1;0;0;0;2660
15.09.2022;116;644;832;0;1128;0;0;12;22;0;0;2754
16.09.2022;111;797;824;0;1135;0;0;0;127;0;0;2992
17.09.2022;26;752;823;0;1249;0;0;0;201;0;0;3051
18.09.2022;0;770;826;0;1296;0;0;0;150;0;0;3042
19.09.2022;16;801;829;0;1305;0;0;0;43;0;0;2994
20.09.2022;94;711;825;0;1319;0;0;0;114;0;0;3063
21.09.2022;84;717;834;0;1395;0;0;0;169;0;0;3199
22.09.2022;30;765;826;0;1399;0;0;0;153;0;0;3173
23.09.2022;42;619;825;0;1403;0;0;0;44;0;0;2934
24.09.2022;20;614;827;0;1194;0;0;0;224;0;0;2879
25.09.2022;21;613;826;0;1163;0;0;0;224;0;0;2847
26.09.2022;16;791;826;0;1153;0;0;0;180;0;0;2966
27.09.2022;36;816;826;0;1212;0;0;0;231;0;0;3120
28.09.2022;55;800;826;0;1261;0;0;14;221;0;0;3179
29.09.2022;18;881;826;0;1340;0;0;21;180;0;0;3267
30.09.2022;1;969;825;0;1162;0;0;11;198;0;0;3165
01.10.2022;0;843;827;0;1395;0;0;0;118;0;0;3184
02.10.2022;0;732;829;0;1421;0;0;0;191;0;0;3173
03.10.2022;0;824;825;0;1358;0;0;0;84;0;0;3092
04.10.2022;0;852;825;0;1438;0;0;0;0;0;0;3115
05.10.2022;0;905;824;0;1472;0;0;1;0;0;0;3202
06.10.2022;0;961;826;0;1451;0;0;0;0;0;0;3239
07.10.2022;0;853;822;0;1467;0;0;0;105;0;0;3248
08.10.2022;0;763;830;0;1439;0;0;0;199;0;0;3232
09.10.2022;0;823;828;1;1436;0;0;0;200;0;0;3288
10.10.2022;0;947;835;0;1471;0;0;0;54;0;0;3308
11.10.2022;0;1091;827;1;1465;0;0;0;87;0;0;3471
12.10.2022;0;1189;847;1;1427;0;3;0;0;0;0;3466
13.10.2022;0;1057;841;1;1459;0;47;0;0;0;0;3404
14.10.2022;0;778;847;0;1454;0;68;0;117;0;0;3264
15.10.2022;0;847;828;0;1450;0;69;0;156;0;0;3350
16.10.2022;0;932;826;0;1463;0;59;0;135;0;0;3415
17.10.2022;0;964;786;0;1459;0;63;0;0;0;0;3272
18.10.2022;1;981;843;0;1436;0;70;0;0;0;0;3330
19.10.2022;10;847;846;0;1486;0;67;0;0;0;0;3258
20.10.2022;0;1051;771;0;1496;0;67;0;0;0;0;3386
21.10.2022;0;985;772;0;1490;0;69;0;0;0;0;3315
22.10.2022;0;879;703;0;1472;0;81;0;219;0;0;3354
23.10.2022;0;879;771;0;1474;0;62;0;220;0;0;3406
24.10.2022;0;953;788;0;1463;0;34;0;0;0;0;3238
25.10.2022;0;1027;775;0;1454;0;73;0;5;0;0;3334
26.10.2022;0;949;806;0;1486;0;94;0;33;0;0;3367
27.10.2022;0;1016;839;0;1487;0;95;0;0;0;0;3437
28.10.2022;0;947;834;0;1478;0;89;0;71;0;0;3419
29.10.2022;0;886;794;0;1471;0;49;0;214;0;0;3414
30.10.2022;0;531;550;0;976;0;33;0;102;0;0;2192
31.10.2022;0;571;533;0;958;0;68;0;96;0;0;2225
01.11.2022;0;705;738;0;1392;0;84;0;170;0;0;3088
02.11.2022;0;811;808;0;1471;0;69;0;99;0;0;3259
03.11.2022;0;1084;818;0;1406;0;111;0;1;0;0;3421
04.11.2022;0;930;827;0;1470;0;111;0;21;0;0;3359
05.11.2022;0;965;828;0;1456;0;101;0;184;0;0;3534
06.11.2022;0;938;826;0;1463;0;101;0;198;0;0;3527
07.11.2022;0;953;828;0;1350;0;67;0;0;0;0;3197
08.11.2022;0;1062;827;0;1412;0;33;0;0;0;0;3334
09.11.2022;0;1042;826;0;1401;0;31;0;0;0;0;3300
10.11.2022;0;1054;814;0;1444;0;53;0;0;0;0;3366
11.11.2022;0;980;825;0;1377;0;68;0;33;0;0;3283
12.11.2022;0;898;818;0;1373;0;74;0;197;0;0;3361
13.11.2022;0;862;823;0;1407;0;84;0;204;0;0;3380
14.11.2022;0;1056;804;0;1334;0;25;0;0;0;0;3219
15.11.2022;0;967;653;0;1267;0;52;0;39;0;0;2977
16.11.2022;0;902;566;0;1290;0;29;0;183;0;0;2970
17.11.2022;0;945;576;0;1286;0;48;0;204;0;0;3059
18.11.2022;0;980;550;0;1336;0;69;32;240;0;0;3207
19.11.2022;0;964;548;0;1358;0;72;23;228;0;0;3193
20.11.2022;0;955;539;0;1376;0;66;45;233;0;0;3213
21.11.2022;0;968;619;0;1343;0;70;1;175;0;0;3177
22.11.2022;0;969;595;0;1392;0;57;0;173;0;0;3186
23.11.2022;0;960;604;0;1405;0;37;0;80;0;0;3086
24.11.2022;5;856;576;0;1459;0;37;2;134;0;0;3069
25.11.2022;0;875;639;0;1346;0;53;0;164;0;0;3078
26.11.2022;0;914;590;0;1371;0;59;32;195;0;0;3160
27.11.2022;0;847;582;0;1403;0;30;26;193;0;0;3082
28.11.2022;0;893;581;0;1356;0;47;0;85;0;0;2962
29.11.2022;0;849;568;0;1365;0;51;0;22;0;0;2855
30.11.2022;0;787;817;0;1373;0;0;0;39;0;0;3016
01.12.2022;0;872;822;0;1341;0;0;0;0;0;0;3034
02.12.2022;0;866;708;0;1367;0;0;1;0;0;0;2942
03.12.2022;0;811;827;0;1326;0;0;46;172;0;0;3182
04.12.2022;0;879;789;0;1328;0;0;53;215;0;0;3265
05.12.2022;0;957;812;0;1295;3;0;0;10;0;0;3076
06.12.2022;0;752;753;0;1288;7;0;0;0;0;0;2800
07.12.2022;0;674;645;0;1214;0;0;6;0;0;0;2540
08.12.2022;0;767;497;0;1263;0;0;46;122;0;0;2694
09.12.2022;0;754;445;0;1295;0;0;38;121;0;0;2653
10.12.2022;0;892;526;0;1300;0;0;68;139;0;0;2925
11.12.2022;0;805;487;0;1269;0;0;78;117;0;0;2756
12.12.2022;0;886;421;0;1264;0;0;2;0;0;0;2574
13.12.2022;71;1004;512;0;1344;0;0;0;0;0;0;2931
14.12.2022;0;1097;465;0;1335;0;0;0;0;0;0;2897
15.12.2022;0;953;442;0;1273;0;0;7;0;0;0;2675
16.12.2022;0;1013;572;0;1324;0;0;10;50;0;0;2969
17.12.2022;0;966;723;0;1387;0;0;70;165;0;0;3312
18.12.2022;0;952;785;0;1359;0;0;82;206;0;0;3385
19.12.2022;0;927;828;0;1368;0;0;15;79;0;0;3217
20.12.2022;0;912;827;0;1367;0;0;0;108;0;0;3214
21.12.2022;0;849;826;0;1345;0;0;0;111;0;45;3176
22.12.2022;0;866;826;0;1324;0;0;2;181;0;45;3244
23.12.2022;0;859;822;0;1290;0;0;0;231;0;49;3250
24.12.2022;0;835;824;0;1298;0;0;3;214;0;100;3275
25.12.2022;0;863;825;0;1305;0;26;0;204;0;102;3325
26.12.2022;0;868;809;0;1323;0;48;0;195;0;106;3349
27.12.2022;0;879;822;0;1338;0;95;1;195;0;40;3370
28.12.2022;0;927;823;0;1350;0;99;4;149;0;101;3453
29.12.2022;0;868;823;0;1346;0;102;0;199;0;153;3491
30.12.2022;0;839;828;0;1355;0;101;0;221;0;146;3491
31.12.2022;0;843;824;0;1291;0;100;0;125;0;29;3211
01.01.2023;0;736;764;0;1304;0;101;0;0;0;17;2922
02.01.2023;0;822;784;0;1310;0;102;0;0;0;29;3047
03.01.2023;0;879;813;0;1279;0;91;0;44;0;53;3160
04.01.2023;0;908;821;0;1287;0;95;0;0;0;101;3212
05.01.2023;0;875;824;0;1285;0;99;0;0;0;101;3184
06.01.2023;0;920;825;0;1302;0;99;0;0;0;100;3247
07.01.2023;0;938;834;0;1325;0;100;0;0;0;16;3213
08.01.2023;0;849;820;0;1357;0;99;0;0;0;17;3141
09.01.2023;0;952;824;0;1336;0;50;0;0;0;135;3297
10.01.2023;0;857;826;0;1323;0;90;0;0;0;165;3262
11.01.2023;0;928;826;0;1306;33;99;0;0;0;189;3381
12.01.2023;0;1228;817;0;941;35;99;0;0;0;157;3277
13.01.2023;0;1072;821;0;915;16;96;0;0;0;157;3077
14.01.2023;0;995;779;0;994;0;73;0;0;0;34;2876
15.01.2023;0;948;712;0;1211;0;84;0;0;0;18;2973
16.01.2023;0;887;574;0;1238;0;95;0;0;0;135;2929
17.01.2023;0;865;538;0;1266;13;104;0;0;0;170;2955
18.01.2023;0;291;301;0;593;11;0;0;0;0;54;1250
19.01.2023;0;1062;550;0;1288;0;0;0;0;0;183;3084
20.01.2023;0;961;660;0;1277;0;0;0;0;0;171;3069
21.01.2023;0;974;583;0;1332;0;0;0;0;0;152;3041
22.01.2023;0;937;499;0;1310;0;0;0;0;0;139;2885
23.01.2023;0;965;469;0;1224;0;0;0;0;0;136;2793
24.01.2023;0;1074;393;0;1258;0;0;0;0;0;162;2887
25.01.2023;0;1053;502;0;1264;0;0;0;0;0;145;2965
26.01.2023;0;1014;656;0;1272;0;0;0;0;0;150;3093
27.01.2023;0;920;555;0;1219;0;0;0;0;0;124;2818
28.01.2023;0;952;550;0;1268;0;0;0;0;0;120;2890
29.01.2023;0;1008;610;0;1311;0;0;0;0;0;120;3048
30.01.2023;0;989;688;0;1286;0;0;0;0;0;133;3096
31.01.2023;0;863;732;0;1320;0;0;0;0;0;120;3036
01.02.2023;0;873;805;0;1314;0;97;0;0;0;137;3226
02.02.2023;0;869;750;0;1266;0;99;0;0;0;144;3128
03.02.2023;0;897;764;0;1291;0;99;0;0;0;121;3172
04.02.2023;0;963;669;0;1336;0;75;0;0;0;24;3066
05.02.2023;0;884;727;0;1303;0;89;0;0;0;43;3046
06.02.2023;0;780;721;0;1329;0;83;0;0;0;127;3040
07.02.2023;0;837;586;0;1377;0;0;0;0;0;204;3004
08.02.2023;0;835;722;0;1347;0;95;0;0;0;186;3184
09.02.2023;0;1023;711;0;1316;0;99;0;0;0;181;3331
10.02.2023;0;993;724;0;1229;0;99;0;0;0;184;3229
11.02.2023;0;993;645;0;1296;0;100;0;0;0;183;3217
12.02.2023;0;999;589;0;1350;0;70;0;0;0;183;3190
13.02.2023;0;991;613;0;1321;0;65;0;0;0;215;3205
14.02.2023;0;973;659;0;1291;0;98;0;0;0;192;3213
15.02.2023;0;897;688;0;1296;0;91;0;0;0;192;3165
16.02.2023;0;839;750;0;1206;0;63;0;0;0;154;3013
17.02.2023;0;772;821;0;1253;0;90;0;0;0;128;3064
18.02.2023;0;805;798;0;1337;0;54;0;0;0;194;3187
19.02.2023;0;856;767;0;1331;0;56;0;0;0;174;3183
20.02.2023;0;877;771;0;1306;0;41;0;0;0;176;3171
21.02.2023;0;751;693;0;1283;0;88;0;0;0;176;2992
22.02.2023;0;626;704;0;1238;0;99;0;0;0;177;2843
23.02.2023;0;606;664;0;1245;0;84;0;0;0;192;2792
24.02.2023;0;765;754;0;1192;0;98;0;0;0;178;2987
25.02.2023;0;752;647;0;1293;0;103;0;40;0;172;3007
26.02.2023;0;761;674;0;1320;0;103;0;24;0;175;3057
27.02.2023;0;799;763;0;1333;0;94;0;0;0;162;3152
28.02.2023;0;769;803;0;1357;0;3;0;0;0;168;3100
01.03.2023;0;832;751;0;1284;0;98;0;0;0;212;3177
02.03.2023;0;804;629;0;1340;0;95;0;0;0;160;3028
03.03.2023;0;825;532;0;1347;0;93;0;0;0;163;2959
04.03.2023;0;933;583;0;1287;0;19;4;0;0;174;3000
05.03.2023;0;920;593;0;1259;0;7;1;0;0;88;2869
06.03.2023;0;1009;513;0;1269;0;0;0;0;0;81;2872
07.03.2023;0;865;312;0;1269;0;0;0;0;0;79;2524
08.03.2023;1;792;274;0;1241;0;0;2;0;0;79;2388
09.03.2023;0;796;366;0;1292;0;0;0;9;0;92;2554
10.03.2023;0;747;518;0;1225;0;0;6;101;0;132;2728
11.03.2023;0;739;597;0;1267;0;0;0;46;0;63;2711
12.03.2023;0;715;647;0;1291;0;0;16;112;0;49;2830
13.03.2023;0;650;753;0;1189;0;0;4;4;0;133;2732
14.03.2023;0;738;628;0;1157;0;0;2;0;0;153;2678
15.03.2023;0;911;720;0;1179;0;0;0;0;0;179;2989
16.03.2023;0;961;778;0;1206;0;0;0;0;0;182;3126
17.03.2023;0;815;802;0;1186;0;0;0;0;0;187;2991
18.03.2023;0;677;727;0;1289;0;0;0;0;0;183;2876
19.03.2023;0;631;658;0;1214;0;0;0;0;0;183;2685
20.03.2023;0;751;693;0;1188;0;0;0;0;0;182;2814
21.03.2023;0;758;741;0;1245;0;0;0;0;0;202;2947
22.03.2023;0;763;795;0;1274;0;0;0;0;0;217;3048
23.03.2023;0;743;780;0;1224;0;0;0;0;0;236;2982
24.03.2023;0;745;806;0;1275;0;0;0;0;0;241;3067
25.03.2023;0;696;763;0;1218;0;0;0;0;0;223;2899
26.03.2023;0;718;790;0;1255;0;0;0;0;0;97;2860
27.03.2023;0;833;769;0;1276;0;0;0;0;0;93;2971
28.03.2023;0;777;795;0;1248;0;0;0;0;0;165;2985
29.03.2023;0;720;801;0;1246;0;0;0;0;0;231;2998
30.03.2023;0;670;795;0;1274;0;0;0;0;0;210;2948
31.03.2023;0;680;804;0;1230;0;0;0;0;0;202;2916
01.04.2023;0;620;799;0;1208;9;0;0;0;0;220;2856
02.04.2023;0;789;788;0;1234;0;0;0;0;0;224;3035
03.04.2023;0;857;802;0;1166;5;0;0;0;0;227;3058
04.04.2023;0;845;815;0;1198;0;0;0;0;0;216;3073
05.04.2023;0;786;814;0;1232;0;0;0;0;0;224;3055
06.04.2023;0;791;288;0;1251;0;0;0;0;0;254;2584
07.04.2023;0;711;797;0;1245;22;0;0;0;0;233;3008
08.04.2023;0;684;746;0;1183;21;0;0;0;0;247;2881
09.04.2023;0;738;798;0;1219;0;0;0;0;0;259;3014
10.04.2023;0;811;807;0;1230;34;0;0;0;0;261;3143
11.04.2023;0;836;807;0;1289;0;0;0;0;0;255;3187
12.04.2023;0;885;811;0;1272;0;0;0;0;0;243;3211
13.04.2023;0;850;790;0;1318;0;0;0;0;0;202;3160
14.04.2023;0;785;812;0;1277;0;0;0;0;0;245;3118
15.04.2023;0;721;812;0;1285;0;0;0;0;0;231;3049
16.04.2023;0;725;810;0;1305;0;0;0;0;0;219;3060
17.04.2023;0;847;811;0;1314;0;0;0;0;0;240;3211
18.04.2023;0;901;813;0;1309;0;0;0;0;0;203;3227
19.04.2023;0;934;801;0;1211;9;0;0;0;0;223;3178
20.04.2023;0;881;811;0;1219;2;0;0;0;0;225;3138
21.04.2023;0;901;806;0;1222;0;0;0;0;0;216;3145
22.04.2023;0;831;798;0;1312;0;0;0;0;0;237;3179
23.04.2023;0;779;789;0;1290;0;0;0;0;0;240;3098
24.04.2023;0;862;808;0;1319;18;0;0;37;0;233;3276
25.04.2023;0;909;814;0;1307;33;0;0;8;0;231;3302
26.04.2023;0;847;813;0;1283;2;0;0;0;0;216;3160
27.04.2023;0;856;812;0;1275;27;0;0;0;0;219;3189
28.04.2023;0;876;814;0;1224;0;0;0;0;0;231;3145
29.04.2023;0;802;807;0;1243;20;95;0;44;0;199;3210
30.04.2023;0;779;808;0;1241;9;0;0;83;0;229;3150
01.05.2023;0;807;812;0;1260;14;0;0;75;0;230;3198
02.05.2023;0;774;812;0;1311;33;33;0;0;0;225;3189
03.05.2023;0;846;813;0;1233;38;55;0;0;0;230;3214
04.05.2023;0;773;814;0;1234;16;39;0;0;0;249;3125
05.05.2023;0;748;803;0;1184;16;38;0;0;0;208;2997
06.05.2023;0;754;779;0;1230;16;25;0;18;0;211;3032
07.05.2023;0;761;810;0;1228;16;22;0;0;0;211;3048
08.05.2023;0;734;811;0;1374;0;51;0;0;0;215;3184
09.05.2023;0;759;810;0;1035;0;1;0;0;0;203;2808
10.05.2023;0;659;812;0;1121;0;0;0;0;0;215;2806
11.05.2023;0;647;803;0;1142;0;0;0;0;0;185;2778
12.05.2023;0;647;813;0;1312;0;0;0;0;0;246;3018
13.05.2023;0;749;801;0;1261;0;5;0;0;0;246;3063
14.05.2023;0;673;809;0;1280;0;21;0;0;0;228;3012
15.05.2023;0;774;811;0;1241;0;0;0;0;0;222;3048
16.05.2023;0;754;814;0;1200;0;34;0;0;0;249;3051
17.05.2023;0;745;812;0;1231;0;41;0;0;0;181;3012
18.05.2023;0;775;811;0;1200;17;62;0;0;0;186;3052
19.05.2023;0;722;817;0;1193;22;58;0;0;0;227;3039
20.05.2023;0;702;812;0;1231;0;83;0;0;0;234;3061
21.05.2023;0;747;807;0;1238;0;78;0;0;0;224;3094
22.05.2023;0;720;754;0;1166;0;1;0;0;0;270;2911
23.05.2023;0;794;761;0;1008;53;104;0;0;0;297;3017
24.05.2023;0;754;760;0;1138;58;64;0;0;0;260;3033
25.05.2023;0;774;758;0;1100;16;0;0;0;0;255;2904
26.05.2023;0;727;752;0;1211;0;20;0;0;0;199;2908
27.05.2023;0;767;758;0;1198;0;0;0;0;0;263;2986
28.05.2023;0;657;683;0;1194;0;0;0;0;0;244;2777
29.05.2023;0;721;791;0;1155;19;0;0;0;0;242;2928
30.05.2023;0;746;679;0;1197;0;0;0;0;0;254;2876
31.05.2023;0;678;683;0;1204;5;0;0;0;0;211;2781
01.06.2023;0;646;445;0;1129;67;11;0;0;0;275;2572
02.06.2023;0;625;489;0;1149;0;2;0;0;0;252;2518
03.06.2023;0;596;469;0;1128;0;0;0;0;0;286;2480
04.06.2023;0;583;398;0;1126;0;0;0;0;0;273;2380
05.06.2023;0;572;493;0;1133;0;0;0;0;0;270;2468
06.06.2023;0;552;420;0;1124;0;0;0;0;0;201;2296
07.06.2023;0;507;336;0;1180;0;0;0;0;0;204;2228
08.06.2023;0;516;399;0;1167;0;0;0;0;0;212;2293
09.06.2023;0;496;367;0;1101;0;17;0;0;0;236;2217
10.06.2023;0;606;545;0;1109;0;16;0;0;0;210;2485
11.06.2023;0;561;502;0;1114;0;15;0;0;0;210;2403
12.06.2023;0;567;521;0;1131;0;14;0;0;0;211;2444
13.06.2023;0;539;1168;0;1135;0;0;0;0;0;218;3061
14.06.2023;0;568;497;0;1121;0;0;0;0;0;192;2379
15.06.2023;0;526;444;0;1103;0;21;0;0;0;241;2336
16.06.2023;0;497;479;0;1091;0;23;0;0;0;256;2345
17.06.2023;0;508;507;0;995;9;20;0;0;0;252;2290
18.06.2023;0;533;476;0;1158;35;29;0;0;0;279;2511
19.06.2023;0;520;468;0;1111;0;1;0;0;0;278;2378
20.06.2023;0;549;465;0;1122;0;0;0;0;0;242;2378
21.06.2023;0;500;392;0;1035;0;0;0;0;0;236;2164
22.06.2023;0;476;303;0;1056;0;0;0;0;0;200;2035
23.06.2023;0;466;380;0;1058;0;4;0;0;0;195;2104
24.06.2023;0;514;547;0;1142;0;0;0;0;0;190;2393
25.06.2023;0;532;559;0;1175;0;0;0;0;0;199;2465
26.06.2023;0;524;551;0;1131;0;0;0;0;0;209;2416
27.06.2023;0;489;471;0;1131;0;0;0;0;0;219;2309
28.06.2023;0;527;520;0;1164;0;3;0;0;0;230;2444
29.06.2023;0;520;475;0;1160;0;0;0;0;0;207;2362
30.06.2023;0;541;428;0;1164;0;0;0;0;0;194;2326
01.07.2023;0;595;530;0;1219;0;0;0;0;0;189;2533
02.07.2023;0;585;447;0;1168;0;0;0;0;0;194;2394
03.07.2023;2;561;423;0;1164;0;3;0;0;0;191;2344
04.07.2023;0;489;305;0;1124;0;5;0;0;0;201;2125
05.07.2023;0;456;401;0;1115;0;10;0;0;0;191;2175
06.07.2023;0;428;411;0;1098;0;5;0;0;0;207;2149
07.07.2023;0;404;470;0;1121;0;1;0;0;0;204;2201
08.07.2023;0;362;500;0;1139;0;31;0;0;0;184;2216
09.07.2023;0;379;492;0;1140;0;23;0;0;0;157;2190
10.07.2023;0;428;523;0;1030;0;0;0;0;0;163;2144
11.07.2023;0;448;510;0;1126;0;0;0;0;0;116;2199
12.07.2023;0;432;530;0;1114;0;0;0;0;0;202;2279
13.07.2023;0;446;510;0;1096;0;0;0;0;0;183;2235
14.07.2023;0;454;526;0;1015;0;0;0;0;0;187;2182
15.07.2023;0;465;553;0;1148;0;0;0;0;0;158;2324
16.07.2023;0;489;545;0;1112;0;0;0;0;0;144;2290
17.07.2023;0;540;574;0;1119;0;0;0;0;0;197;2431
18.07.2023;0;584;543;0;1180;0;0;0;0;0;188;2496
19.07.2023;0;633;534;0;1172;0;0;0;0;0;193;2532
20.07.2023;0;562;483;0;1185;0;0;0;0;0;192;2421
21.07.2023;0;579;455;0;1213;0;0;0;0;0;170;2417
22.07.2023;0;601;485;0;1215;0;0;0;0;0;208;2508
23.07.2023;0;597;474;0;1217;0;0;0;0;0;202;2489
24.07.2023;0;591;430;0;1217;0;0;0;0;0;197;2435
25.07.2023;0;579;345;0;1216;0;0;0;0;0;198;2338
26.07.2023;0;594;355;0;1184;0;0;0;0;0;197;2330
27.07.2023;0;602;409;0;1156;0;0;0;0;0;115;2282
28.07.2023;0;581;447;0;1168;0;0;0;0;0;68;2263
29.07.2023;0;615;620;0;1195;0;0;0;0;0;113;2542
30.07.2023;0;589;503;0;1195;0;0;0;0;0;127;2413
31.07.2023;0;542;512;0;1198;0;0;0;0;0;167;2418
01.08.2023;0;603;418;0;1180;0;0;0;0;0;219;2419
02.08.2023;0;603;461;0;1180;0;0;0;0;0;243;2487
03.08.2023;0;648;421;0;1190;0;0;0;0;0;240;2499
04.08.2023;0;572;341;0;1189;0;0;0;0;0;250;2352
05.08.2023;0;575;429;0;1199;0;0;0;0;0;220;2422
06.08.2023;0;588;381;0;1223;0;0;0;0;0;210;2401
07.08.2023;0;674;407;0;1109;0;0;0;0;0;209;2399
08.08.2023;0;657;435;0;1099;0;0;0;0;0;196;2387
09.08.2023;0;669;367;0;1120;0;0;0;0;0;188;2344
10.08.2023;0;672;344;0;1111;0;0;0;0;0;150;2276
11.08.2023;0;621;358;0;1098;0;0;0;22;0;138;2236
12.08.2023;0;628;377;0;1110;0;0;0;141;0;201;2457
13.08.2023;0;597;373;0;1101;0;0;0;121;0;217;2408
14.08.2023;0;556;313;0;1108;0;0;0;112;0;220;2310
15.08.2023;0;635;359;0;1137;0;0;0;89;0;231;2451
16.08.2023;0;606;390;0;1137;0;0;0;0;0;234;2367
17.08.2023;0;634;426;0;1126;0;0;0;0;0;221;2406
18.08.2023;0;561;409;0;1101;0;0;0;1;0;232;2304
19.08.2023;0;500;381;0;1088;0;0;0;126;0;216;2311
20.08.2023;0;469;450;0;1094;0;0;0;97;0;102;2212
21.08.2023;0;534;394;0;1097;0;0;0;0;0;226;2253
22.08.2023;0;543;256;0;1147;0;0;0;0;0;228;2174
23.08.2023;0;546;212;0;1187;0;0;0;0;0;228;2173
24.08.2023;0;559;218;0;1136;0;0;0;0;0;235;2149
25.08.2023;0;514;246;0;1050;0;0;0;0;0;236;2047
26.08.2023;0;550;280;0;895;0;0;0;0;0;225;1950
27.08.2023;0;585;269;0;834;18;0;0;0;0;225;1931
28.08.2023;0;610;307;0;805;0;0;0;0;0;216;1938
29.08.2023;0;528;390;0;749;0;14;0;0;0;77;1757
30.08.2023;0;598;262;0;1010;0;0;0;0;0;80;1950
31.08.2023;0;643;270;0;946;0;0;0;0;0;70;1929
01.09.2023;0;532;394;0;1048;0;0;0;0;0;70;2044
02.09.2023;0;459;322;0;675;0;0;0;32;0;69;1557
03.09.2023;0;401;316;0;591;0;29;0;112;0;94;1542
04.09.2023;0;507;283;0;579;0;47;0;0;0;213;1630
05.09.2023;0;507;386;0;528;0;22;0;0;0;225;1667
06.09.2023;0;535;378;0;482;0;49;0;0;0;218;1663
07.09.2023;0;517;299;0;479;0;94;0;0;0;199;1587
08.09.2023;0;533;294;0;507;0;59;0;0;0;191;1583
09.09.2023;0;444;296;0;441;0;40;2;0;0;174;1397
10.09.2023;0;391;303;0;534;0;53;3;0;0;69;1352
11.09.2023;0;423;256;0;437;0;0;0;0;0;125;1242
12.09.2023;0;445;187;0;678;0;0;0;0;0;227;1537
13.09.2023;0;453;198;0;619;0;0;0;0;0;233;1504
14.09.2023;0;516;235;0;596;0;0;0;0;0;231;1579
15.09.2023;0;513;220;0;589;0;0;0;0;0;229;1552
16.09.2023;0;583;222;0;739;0;0;0;0;0;201;1745
17.09.2023;0;549;206;0;803;0;0;0;0;0;208;1767
18.09.2023;0;548;209;0;843;0;0;0;0;0;195;1795
19.09.2023;0;571;227;0;871;0;0;0;0;0;201;1870
20.09.2023;0;551;368;0;609;0;0;0;0;0;195;1724
21.09.2023;0;451;243;0;847;0;0;0;0;0;201;1742
22.09.2023;0;412;256;0;1029;0;0;0;0;0;187;1884
23.09.2023;0;356;256;0;994;0;1;0;0;0;110;1717
24.09.2023;0;331;226;0;984;0;0;8;43;0;187;1779
25.09.2023;0;346;294;0;954;0;0;7;8;0;196;1805
26.09.2023;0;397;341;0;946;0;0;0;0;0;192;1876
27.09.2023;0;475;527;0;678;0;0;0;0;0;221;1900
28.09.2023;0;442;439;0;798;0;0;0;0;0;225;1904
29.09.2023;0;445;349;0;899;0;0;0;0;0;210;1902
30.09.2023;0;447;325;0;1024;0;0;3;116;0;220;2135
01.10.2023;0;432;346;0;968;0;0;12;98;0;237;2093
02.10.2023;0;431;276;0;977;0;0;20;0;0;235;1940
03.10.2023;0;468;422;0;947;0;1;5;0;0;238;2081
04.10.2023;0;461;396;0;1010;0;0;0;0;0;241;2107
05.10.2023;0;430;356;0;1029;0;0;0;0;0;238;2053
06.10.2023;0;471;354;0;1029;0;0;0;0;0;238;2092
07.10.2023;0;449;387;0;1059;0;0;0;0;0;233;2127
08.10.2023;0;426;400;0;1082;0;0;1;0;0;210;2119
09.10.2023;0;472;463;0;1097;0;0;0;0;0;205;2237
10.10.2023;0;533;450;0;1077;0;0;0;0;0;208;2268
11.10.2023;0;549;433;0;1065;0;0;0;0;0;204;2251
12.10.2023;0;566;396;0;1134;0;0;0;0;0;185;2280
13.10.2023;0;592;461;0;1153;0;13;3;0;0;193;2415
14.10.2023;0;517;316;0;1172;0;54;0;0;0;228;2286
15.10.2023;0;558;353;0;1170;0;33;15;0;0;205;2334
16.10.2023;0;522;693;0;1176;0;18;31;0;0;218;2658
17.10.2023;0;506;786;0;1160;0;4;4;0;0;191;2651
18.10.2023;0;527;772;0;1077;0;0;0;0;0;202;2578
19.10.2023;0;517;779;0;1026;0;0;0;1;0;195;2517
20.10.2023;0;518;762;0;1033;0;6;0;34;0;185;2538
21.10.2023;0;487;666;0;1012;0;0;0;25;0;192;2382
22.10.2023;0;551;598;0;1021;0;24;5;44;0;198;2442
23.10.2023;0;702;671;0;1034;0;8;0;0;0;210;2626
24.10.2023;0;754;677;0;1030;0;50;0;0;0;209;2719
25.10.2023;0;748;669;0;1025;0;74;0;0;0;214;2729
26.10.2023;0;719;697;0;1044;0;57;2;38;0;208;2764
27.10.2023;0;626;680;0;1034;0;92;6;0;0;207;2644
28.10.2023;0;566;660;0;1064;0;95;10;67;0;192;2653
29.10.2023;0;507;574;0;1097;0;67;20;98;0;167;2529
30.10.2023;0;563;649;0;1032;0;52;18;46;0;193;2553
31.10.2023;0;519;583;0;1032;0;90;14;51;0;217;2508
01.11.2023;0;507;509;0;1063;0;98;27;152;0;163;2518
02.11.2023;0;510;529;0;1067;0;83;0;76;0;210;2475
03.11.2023;0;590;557;0;1108;0;98;0;13;0;203;2569
04.11.2023;0;564;523;0;1106;0;94;6;48;0;177;2517
05.11.2023;0;562;485;0;1104;0;102;2;52;0;155;2462
06.11.2023;0;628;598;0;1104;0;99;0;0;0;213;2642
07.11.2023;0;727;636;0;1169;0;80;3;0;0;226;2842
08.11.2023;0;717;703;0;1114;0;84;0;0;0;234;2853
09.11.2023;0;712;656;0;1204;0;98;0;0;0;235;2905
10.11.2023;0;704;714;0;1102;0;98;0;30;0;211;2859
11.11.2023;0;721;717;0;1133;0;101;6;40;0;211;2930
12.11.2023;0;761;711;0;1175;0;101;0;39;0;235;3020
13.11.2023;0;671;725;0;1234;0;98;0;0;0;233;2962
14.11.2023;0;639;798;0;1161;0;99;0;0;0;234;2931
15.11.2023;0;735;705;0;1215;0;94;4;0;0;189;2942
16.11.2023;0;776;543;0;1238;0;101;15;31;0;193;2897
17.11.2023;0;814;507;0;1236;0;102;55;39;0;164;2916
18.11.2023;0;783;495;0;1220;0;101;36;167;0;169;2971
19.11.2023;0;742;445;0;1212;0;98;16;173;0;193;2878
20.11.2023;0;749;514;1;1211;0;34;13;42;0;187;2751
21.11.2023;0;635;518;1;1208;0;76;30;37;0;193;2697
22.11.2023;0;673;557;1;1203;12;31;1;29;0;188;2697
23.11.2023;0;626;576;1;1222;31;66;20;27;0;110;2679
24.11.2023;0;755;524;1;1189;0;102;19;75;0;108;2773
25.11.2023;0;781;520;1;1246;0;2;0;97;0;158;2806
26.11.2023;0;771;507;1;1232;0;0;4;88;0;212;2817
27.11.2023;0;761;524;1;1221;0;37;2;3;0;208;2757
28.11.2023;0;696;567;1;1258;0;1;13;6;0;214;2756
29.11.2023;0;704;478;0;1200;0;0;0;0;0;203;2586
30.11.2023;0;733;374;0;1224;0;0;1;0;0;213;2545
01.12.2023;0;699;435;0;1260;0;0;0;8;0;221;2622
02.12.2023;0;801;541;0;1240;0;0;8;120;0;234;2945
03.12.2023;0;820;572;0;1268;0;0;11;113;0;238;3023
04.12.2023;0;894;635;0;1275;0;0;0;0;0;239;3042
05.12.2023;0;834;548;0;1221;0;0;0;0;0;234;2838
06.12.2023;0;745;504;0;1227;0;0;0;0;0;231;2707
07.12.2023;0;767;699;0;1227;0;0;0;0;0;220;2913
08.12.2023;0;808;703;0;1243;0;0;18;137;0;234;3142
09.12.2023;0;826;566;0;1207;15;0;0;159;0;215;2987
10.12.2023;0;755;560;0;1267;0;0;0;133;0;228;2943
11.12.2023;0;777;612;0;1260;0;0;0;0;0;210;2859
12.12.2023;0;770;672;0;1258;0;0;0;0;0;202;2902
13.12.2023;0;735;686;0;1261;9;101;0;0;0;191;2982
14.12.2023;0;753;716;0;1253;0;1;0;0;0;176;2898
15.12.2023;0;814;712;0;1263;0;0;0;0;0;196;2985
16.12.2023;0;792;731;0;1307;8;0;0;143;0;193;3173
17.12.2023;0;805;737;0;1374;0;0;0;103;0;190;3208
18.12.2023;0;837;748;0;1304;1;18;0;0;0;210;3119
19.12.2023;0;793;710;0;1279;6;102;0;0;0;216;3105
20.12.2023;0;781;663;0;1290;6;92;0;0;0;202;3034
21.12.2023;0;723;671;0;1293;0;53;0;0;0;110;2851
22.12.2023;0;732;698;0;1263;0;37;0;15;0;121;2867
23.12.2023;0;759;571;0;1297;4;10;0;163;0;205;3010
24.12.2023;0;713;646;0;1286;6;0;0;162;0;193;3006
25.12.2023;0;712;601;0;1291;5;0;0;159;0;230;2997
26.12.2023;0;711;578;0;1285;6;0;0;153;0;239;2974
27.12.2023;0;788;588;0;1285;7;0;0;149;0;262;3079
28.12.2023;0;809;548;0;1266;0;0;0;157;0;237;3017
29.12.2023;0;803;442;0;1257;0;0;0;105;0;221;2828
30.12.2023;0;733;424;0;1287;0;0;0;53;0;251;2747
31.12.2023;0;695;435;0;1273;14;0;0;48;0;230;2695
01.01.2024;0;543;466;0;1322;0;0;0;49;0;212;2593
02.01.2024;0;610;512;0;1304;0;0;4;40;0;192;2662
03.01.2024;0;603;525;0;1271;0;1;11;6;0;179;2596
04.01.2024;0;569;496;0;1278;0;62;6;37;0;204;2652
05.01.2024;0;637;486;0;1255;0;46;6;0;0;223;2653
06.01.2024;0;660;510;0;1228;0;96;5;0;0;217;2716
07.01.2024;0;704;512;0;1250;0;88;6;0;0;209;2769
08.01.2024;0;701;505;0;1236;0;15;11;0;0;195;2664
09.01.2024;0;754;513;0;1220;0;0;2;0;0;194;2683
10.01.2024;0;698;474;0;1218;0;20;0;0;0;201;2612
11.01.2024;0;697;533;0;1238;0;36;0;0;0;202;2706
12.01.2024;0;659;469;0;1299;0;39;4;0;0;204;2674
13.01.2024;0;691;456;0;1282;0;2;3;0;0;204;2638
14.01.2024;0;702;458;0;1304;0;0;5;0;0;204;2674
15.01.2024;0;673;432;0;1279;0;0;6;0;0;204;2594
16.01.2024;0;665;367;0;1268;0;0;2;0;0;200;2502
17.01.2024;0;672;376;0;1270;0;0;4;0;0;203;2525
18.01.2024;0;643;404;0;1291;0;35;7;0;0;144;2524
19.01.2024;0;667;401;0;1292;0;0;7;0;0;149;2517
20.01.2024;0;658;460;0;1256;0;0;3;0;0;237;2614
21.01.2024;0;618;512;0;1290;0;7;0;0;0;235;2662
22.01.2024;0;561;509;0;1331;0;55;0;0;0;232;2687
23.01.2024;0;547;515;0;1322;0;63;0;0;0;206;2653
24.01.2024;0;557;509;0;1322;0;71;0;0;0;130;2589
25.01.2024;0;524;490;0;1351;0;70;1;0;0;225;2662
26.01.2024;0;526;489;0;1358;15;63;0;0;0;239;2689
27.01.2024;0;627;442;0;1318;1;63;3;0;0;238;2693
28.01.2024;0;627;440;0;1331;9;68;5;0;0;238;2718
29.01.2024;0;563;489;0;1347;9;67;0;0;0;236;2711
30.01.2024;0;583;478;0;1327;10;67;1;0;0;235;2702
31.01.2024;0;544;477;0;1353;8;68;0;0;0;235;2684
01.02.2024;0;577;508;0;1349;0;86;4;0;0;194;2716
02.02.2024;0;661;501;0;1355;0;92;0;0;0;194;2803
03.02.2024;0;633;449;0;1345;0;81;0;0;0;187;2695
04.02.2024;0;649;444;0;1303;5;72;2;0;0;200;2675
05.02.2024;0;644;484;0;1249;0;85;3;0;0;194;2659
06.02.2024;0;691;487;0;1271;0;86;0;0;0;194;2730
07.02.2024;0;641;390;0;1246;0;72;1;0;0;193;2542
08.02.2024;0;628;439;0;1248;0;72;1;0;0;144;2532
09.02.2024;0;586;470;0;1320;0;72;0;0;0;144;2592
10.02.2024;0;584;414;0;1321;0;1;0;0;0;108;2429
11.02.2024;0;556;396;0;1331;0;0;0;0;0;110;2393
12.02.2024;0;578;448;0;1325;0;43;0;0;0;211;2607
13.02.2024;0;592;421;0;1319;0;51;0;0;0;144;2528
14.02.2024;0;601;388;0;1314;0;35;9;0;0;131;2477
15.02.2024;0;579;493;0;1242;0;70;9;0;0;154;2547
16.02.2024;0;559;500;0;1262;6;42;13;0;0;105;2486
17.02.2024;0;553;451;0;1315;9;63;13;0;0;140;2544
18.02.2024;0;547;503;0;1324;7;63;13;0;0;137;2592
19.02.2024;0;605;508;0;1299;0;66;15;0;0;180;2674
20.02.2024;0;646;516;0;1255;0;71;0;0;0;182;2670
21.02.2024;0;610;504;0;1229;0;80;0;0;0;177;2600
22.02.2024;0;596;478;0;1213;0;106;0;0;0;171;2564
23.02.2024;0;646;474;0;1317;9;117;0;0;0;173;2737
24.02.2024;0;633;439;0;1319;9;94;0;0;0;179;2673
25.02.2024;0;640;471;0;1323;0;104;0;0;0;180;2717
26.02.2024;0;631;418;0;1324;0;98;0;0;0;188;2659
27.02.2024;0;699;391;0;1320;0;0;0;0;0;188;2597
28.02.2024;0;694;466;0;1260;0;98;0;0;0;184;2703
29.02.2024;0;619;503;0;1194;0;55;1;0;0;193;2565
01.03.2024;0;548;387;0;1331;0;37;0;0;0;204;2507
02.03.2024;0;587;473;0;1343;0;29;0;0;0;196;2628
03.03.2024;0;558;441;0;1324;0;30;0;0;0;229;2582
04.03.2024;0;604;434;0;1342;0;0;0;0;0;265;2645
05.03.2024;0;557;393;0;1209;4;0;0;0;0;214;2377
06.03.2024;0;625;430;0;1247;1;0;0;0;0;252;2555
07.03.2024;0;659;487;0;1264;1;0;0;0;0;253;2665
08.03.2024;0;613;455;0;1263;2;0;0;0;0;270;2604
09.03.2024;0;550;405;0;1321;0;0;0;0;0;267;2543
10.03.2024;0;556;332;0;1288;0;0;0;0;0;216;2393
11.03.2024;0;583;373;0;1200;0;0;0;0;0;224;2380
12.03.2024;0;575;414;0;1195;0;0;0;0;0;250;2435
13.03.2024;0;613;462;0;1179;0;0;0;0;0;224;2479
14.03.2024;0;603;487;0;1221;0;0;0;0;0;227;2538
15.03.2024;0;706;494;0;1236;0;0;0;0;0;184;2620
16.03.2024;0;620;371;0;1205;10;0;1;0;0;190;2397
17.03.2024;0;608;389;0;1211;4;0;3;0;0;202;2418
18.03.2024;0;556;384;0;1282;0;0;6;0;0;204;2433
19.03.2024;0;590;395;0;1179;0;0;0;0;0;206;2369
20.03.2024;0;674;442;0;1147;0;0;0;0;0;202;2465
21.03.2024;0;630;439;0;1107;0;0;0;0;0;207;2383
22.03.2024;1;625;425;0;1134;0;0;1;0;0;210;2396
23.03.2024;0;596;385;0;1191;0;0;12;0;0;143;2327
24.03.2024;1;641;380;0;1253;0;0;6;0;0;143;2424
25.03.2024;1;618;415;0;1215;0;0;0;0;0;166;2414
26.03.2024;0;783;478;0;1250;2;0;0;0;0;256;2769
27.03.2024;0;579;429;0;1263;0;0;0;0;0;146;2417
28.03.2024;0;595;428;0;1217;0;0;0;0;0;144;2383
29.03.2024;0;553;442;0;1218;0;0;0;0;0;144;2356
30.03.2024;0;362;456;0;1209;1;0;0;0;0;162;2191
31.03.2024;0;451;467;0;1250;10;0;0;0;0;144;2321
01.04.2024;0;527;521;0;1154;0;0;0;0;0;144;2346
02.04.2024;0;598;517;0;1117;0;0;0;0;0;73;2305
03.04.2024;0;693;556;0;1118;0;0;0;0;0;73;2440
04.04.2024;0;687;548;0;1111;0;0;0;0;0;68;2414
05.04.2024;0;656;543;0;1120;0;0;0;0;0;71;2390
06.04.2024;0;617;541;0;1213;0;0;0;0;0;87;2458
07.04.2024;0;575;499;0;1187;0;0;0;0;0;206;2468
08.04.2024;0;604;481;0;1070;4;0;0;0;0;179;2338
09.04.2024;0;617;413;0;1082;0;0;0;0;0;207;2318
10.04.2024;0;700;484;0;1092;0;0;0;0;0;206;2483
11.04.2024;0;634;485;0;1218;6;0;0;0;0;228;2571
12.04.2024;0;688;485;0;1214;0;0;0;0;0;256;2643
13.04.2024;0;609;482;0;1215;0;0;19;0;0;360;2686
14.04.2024;0;543;480;0;1167;0;0;20;0;0;346;2555
15.04.2024;0;595;437;0;1156;0;0;0;0;0;340;2528
16.04.2024;0;592;457;0;1102;0;0;0;0;0;243;2394
17.04.2024;0;607;432;0;1167;0;0;0;0;0;231;2437
18.04.2024;0;561;392;0;1221;0;0;0;0;0;230;2403
19.04.2024;0;540;390;0;1208;0;0;0;0;0;226;2363
20.04.2024;0;567;424;0;1212;0;0;0;0;0;218;2421
21.04.2024;0;539;401;0;1377;0;0;0;0;0;236;2553
22.04.2024;0;626;512;0;1387;0;0;0;0;0;236;2761