year,state,energy_co2e_t,energy_co2e_t_percapita,industry_co2e_t,industry_co2e_t_percapita,buildings_co2e_t,buildings_co2e_t_percapita,traffic_co2e_t,traffic_co2e_t_percapita,agriculture_co2e_t,agriculture_co2e_t_percapita,waste_and_other_co2e_t,waste_and_other_co2e_t_percapita,total_co2e_t,total_co2e_t_percapita,population,international_flight_co2e_t
1990,DE,474776803.38,5.95,277641536.83,3.48,210027183.96,2.63,163355366.17,2.05,85776819.71,1.08,41550208.21,0.52,1253127918.26,15.71,79753227,12133286.21
1991,DE,459949696.94,5.73,252314267.92,3.14,208432181.91,2.60,166303237.62,2.07,76296539.54,0.95,43096386.91,0.54,1206392310.84,15.03,80274564,11938410.59
1992,DE,435679888.62,5.38,241004795.83,2.98,190277458.33,2.35,172167927.88,2.13,75156390.53,0.93,43690552.79,0.54,1157977013.98,14.30,80974632,12943167.55
1993,DE,425929865.93,5.24,231283090.84,2.84,197005989.02,2.42,176492864.55,2.17,74360189.43,0.91,43410594.57,0.53,1148482594.33,14.12,81338093,13892792.70
1994,DE,420019112.36,5.15,234840566.47,2.88,186224559.00,2.28,172463218.60,2.12,74934669.62,0.92,42331817.93,0.52,1130813943.99,13.87,81538603,14543791.47
1995,DE,406940801.64,4.97,236720990.90,2.89,187711038.13,2.29,176122481.68,2.15,74844108.02,0.91,41064653.72,0.50,1123404074.09,13.73,81817499,15045608.12
1996,DE,412876984.67,5.03,225512808.87,2.75,210884615.71,2.57,175706383.59,2.14,75949608.98,0.93,39269523.66,0.48,1140199925.48,13.90,82012162,15941854.82
1997,DE,391013890.23,4.77,230065618.94,2.80,197654226.37,2.41,176120931.59,2.15,73963672.98,0.90,35964229.90,0.44,1104782570.02,13.46,82057379,16528167.12
1998,DE,390964335.55,4.77,213088455.30,2.60,189510661.37,2.31,179396535.96,2.19,73589188.78,0.90,33433339.54,0.41,1079982516.51,13.16,82037011,17048983.66
1999,DE,379992623.46,4.62,202999328.17,2.47,172831286.23,2.10,184529662.19,2.25,73737611.69,0.90,31447017.08,0.38,1045537528.83,12.73,82163475,18420651.33
2000,DE,390848309.29,4.75,202493488.43,2.46,166789232.75,2.03,180586385.20,2.20,72708344.38,0.88,29572460.03,0.36,1042998220.07,12.68,82259540,19555738.03
2001,DE,400846004.34,4.86,191951888.84,2.33,187079219.84,2.27,176693771.67,2.14,72942642.86,0.88,27568820.35,0.33,1057082347.90,12.82,82440309,19076074.71
2002,DE,400960868.81,4.86,189741931.18,2.30,174080607.54,2.11,174183317.03,2.11,71843233.18,0.87,25848040.38,0.31,1036657998.13,12.56,82536680,18999892.70
2003,DE,416977624.15,5.05,189059798.33,2.29,164266626.97,1.99,167441535.73,2.03,68730903.15,0.83,24062269.04,0.29,1030538757.36,12.49,82531671,19235987.11
2004,DE,411596290.71,4.99,189061116.63,2.29,152473159.60,1.85,167350693.92,2.03,68705847.79,0.83,21489217.54,0.26,1010676326.18,12.25,82500849,21159468.25
2005,DE,402604879.28,4.88,186278274.66,2.26,151285732.83,1.84,160700505.38,1.95,68247440.80,0.83,19830658.34,0.24,988947491.29,12.00,82437995,23176422.26
2006,DE,403126844.18,4.90,190838874.45,2.32,160695382.52,1.95,161881452.72,1.97,67698143.21,0.82,17758310.82,0.22,1001999007.90,12.17,82314906,24405359.95
2007,DE,405779413.37,4.94,198980828.81,2.42,122282720.22,1.49,152072621.10,1.85,68158512.50,0.83,16236759.09,0.20,963510855.08,11.72,82217837,25306830.42
2008,DE,388020364.04,4.73,195502876.98,2.38,147343357.78,1.80,151652219.81,1.85,67567024.21,0.82,14839270.18,0.18,964925113.01,11.77,82002356,25574829.53
2009,DE,362052520.22,4.43,169862742.31,2.08,137066619.42,1.68,151255924.02,1.85,67601242.75,0.83,13445488.10,0.16,901284536.82,11.02,81802257,24897848.21
2010,DE,372588777.33,4.56,183728612.64,2.25,145034370.14,1.77,151910645.88,1.86,67795567.31,0.83,12191951.80,0.15,933249925.11,11.42,81751602,24503028.55
2011,DE,367936894.74,4.58,181735459.32,2.26,124858410.16,1.55,153560950.97,1.91,68214170.45,0.85,11309311.82,0.14,907615197.46,11.30,80327900,23328574.20
2012,DE,379783974.67,4.72,176988067.89,2.20,129590650.34,1.61,152086188.07,1.89,68013050.82,0.84,10483453.34,0.13,916945385.15,11.39,80523746,25243659.15
2013,DE,384368396.43,4.76,176906918.66,2.19,140240884.92,1.74,156033116.24,1.93,69373201.40,0.86,9687730.78,0.12,936610248.43,11.60,80767463,25752666.03
2014,DE,363022103.31,4.47,176052779.94,2.17,118636458.05,1.46,157637572.99,1.94,70820628.33,0.87,9062323.49,0.11,895231866.11,11.03,81197537,24783450.84
2015,DE,351692127.88,4.28,182878963.10,2.23,124783570.00,1.52,161090442.81,1.96,69717072.69,0.85,8443476.43,0.10,898605652.90,10.94,82175684,24688244.12
2016,DE,346388660.97,4.20,186571383.70,2.26,124161754.13,1.50,163892392.90,1.99,70111547.70,0.85,7904375.81,0.10,899030115.20,10.89,82521653,26692614.97
2017,DE,326856203.46,3.95,192304052.91,2.32,122982353.01,1.49,167279374.12,2.02,69331952.26,0.84,7525827.05,0.09,886279762.81,10.70,82792351,29423846.46
2018,DE,311702043.16,3.75,184732484.64,2.23,117685879.79,1.42,162637344.11,1.96,66245973.72,0.80,7131275.26,0.09,850135000.68,10.24,83019213,30322290.11
2019,DE,259177611.69,3.12,179006084.28,2.15,123482088.95,1.48,163622522.20,1.97,66105897.94,0.79,6606323.67,0.08,798000528.72,9.60,83166711,30055061.57
2020,DE,220095208.50,2.65,172327142.37,2.07,121561945.33,1.46,145895150.44,1.75,64974689.39,0.78,6118235.62,0.07,730972371.66,8.79,83155031,13860168.57
2021,DE,247782483.88,2.98,180072117.95,2.16,117958200.40,1.42,146812288.19,1.76,64238336.70,0.77,5909239.83,0.07,762772666.94,9.16,83237124,18323241.41
2022,DE,258067913.92,3.10,164245623.17,1.98,111312609.61,1.34,148070287.51,1.78,61920176.58,0.74,5649813.37,0.07,749266424.17,9.01,83118501,27417469.34
2023,DE,204828888.76,2.45,149719888.83,1.79,102358838.97,1.23,144478727.67,1.73,62742735.34,0.75,5449280.89,0.07,669578360.46,8.02,83456045,28607653.18
2024,DE,189698591.72,2.27,149767124.92,1.79,99998028.14,1.20,144182327.25,1.73,60846136.46,0.73,5277309.90,0.06,649769518.39,7.77,83577140,27425334.04
2025,DE,189087952.9,2.26,144141689.1,1.73,103365866.6,1.24,146305155.8,1.75,60842481.21,0.73,5123490.951,0.06,648866636.63,7.77,83500000,27352589.17