year,month,averageTemperature,totalPrecipitation,averageSnowCover
1881,1,-6.003,22.6,0.0
1881,2,-0.468,22.7,0.0
1881,3,2.613,73.2,0.0
1881,4,6.45,9.9,0.0
1881,5,13.477,28.9,0.0
1881,6,15.913,64.7,0.0
1881,7,19.723,43.4,0.0
1881,8,16.49,78.7,0.0
1881,9,12.893,40.5,0.0
1881,10,5.639,94.9,0.0
1881,11,6.29,10.5,0.0
1881,12,1.555,10.1,0.0
1882,1,1.435,17.1,0.0
1882,2,2.714,21.3,0.0
1882,3,7.229,60.7,0.0
1882,4,9.23,34.9,0.0
1882,5,12.971,47.5,0.0
1882,6,15.787,69.4,0.0
1882,7,18.677,152.9,0.0
1882,8,15.839,63.4,0.0
1882,9,14.42,46.4,0.0
1882,10,8.887,34.4,0.0
1882,11,3.963,41.4,0.0
1882,12,0.297,37.6,0.0
1883,1,-0.1,18.5,0.0
1883,2,2.414,16.5,0.0
1883,3,-1.526,12.6,0.0
1883,4,6.913,15.6,0.0
1883,5,13.555,45.8,0.0
1883,6,18.283,36.0,0.0
1883,7,18.313,86.4,0.0
1883,8,17.161,45.9,0.0
1883,9,14.457,65.8,0.0
1883,10,9.677,45.2,0.0
1883,11,4.923,43.9,0.0
1883,12,1.761,46.4,0.0
1884,1,3.777,41.7,0.0
1884,2,3.528,16.7,0.0
1884,3,5.348,25.0,0.0
1884,4,6.77,33.6,0.0
1884,5,13.974,43.9,0.0
1884,6,14.12,91.3,0.0
1884,7,19.484,44.3,0.0
1884,8,17.835,39.3,0.0
1884,9,15.327,50.2,0.0
1884,10,8.732,75.2,0.0
1884,11,1.993,57.8,0.0
1884,12,2.416,63.9,0.0
1885,1,-2.948,19.8,0.0
1885,2,3.039,28.5,0.0
1885,3,3.135,31.2,0.0
1885,4,10.81,50.3,0.0
1885,5,11.529,56.3,0.0
1885,6,18.307,33.6,0.0
1885,7,18.461,37.8,0.0
1885,8,15.3,56.1,0.0
1885,9,13.663,33.7,0.0
1885,10,8.139,50.9,0.0
1885,11,2.067,41.1,0.0
1885,12,0.497,19.9,0.0
1886,1,-0.919,35.8,0.0
1886,2,-3.218,18.1,0.0
1886,3,0.587,28.6,0.0
1886,4,9.913,43.9,0.0
1886,5,14.284,56.7,0.0
1886,6,15.92,52.0,0.0
1886,7,17.748,60.1,0.0
1886,8,18.416,36.9,0.0
1886,9,16.263,26.7,0.0
1886,10,9.7,32.1,0.0
1886,11,5.723,29.3,0.0
1886,12,1.5,51.6,0.0
1887,1,-3.235,0.8,0.0
1887,2,0.2,4.7,0.0
1887,3,2.219,52.0,0.0
1887,4,8.65,29.8,0.0
1887,5,11.203,52.0,0.0
1887,6,16.14,18.1,0.0
1887,7,19.387,83.0,0.0
1887,8,16.658,19.9,0.0
1887,9,13.53,30.8,0.0
1887,10,6.51,19.8,0.0
1887,11,3.817,32.9,0.0
1887,12,0.532,42.1,0.0
1888,1,-0.352,22.0,0.0
1888,2,-2.248,45.7,0.0
1888,3,0.581,85.4,0.0
1888,4,6.803,60.0,0.0
1888,5,13.219,3.6,0.0
1888,6,17.27,30.2,0.0
1888,7,15.994,68.9,0.0
1888,8,16.387,35.1,0.0
1888,9,13.36,22.8,0.0
1888,10,7.684,83.5,0.0
1888,11,3.473,23.0,0.0
1888,12,1.361,11.4,0.0
1889,1,-2.519,34.0,0.0
1889,2,-1.886,47.4,0.0
1889,3,1.223,45.2,0.0
1889,4,7.963,23.7,0.0
1889,5,17.871,58.8,0.0
1889,6,20.537,87.7,0.0
1889,7,17.29,51.5,0.0
1889,8,16.713,28.8,0.0
1889,9,11.94,23.3,0.0
1889,10,8.723,90.6,0.0
1889,11,3.053,14.6,0.0
1889,12,-0.523,23.3,0.0
1890,1,2.294,52.5,0.0
1890,2,-2.111,9.4,0.0
1890,3,5.045,15.7,0.0
1890,4,8.06,58.8,0.0
1890,5,14.794,110.6,0.0
1890,6,14.93,87.3,0.0
1890,7,16.79,58.0,0.0
1890,8,18.032,38.8,0.0
1890,9,14.22,8.1,0.0
1890,10,8.345,36.2,0.0
1890,11,3.19,76.5,0.0
1890,12,-5.435,5.5,0.0
1891,1,-3.8,25.2,0.0
1891,2,0.279,13.2,0.0
1891,3,3.461,33.9,0.0
1891,4,6.213,43.4,0.0
1891,5,14.165,49.0,0.0
1891,6,15.177,120.7,0.0
1891,7,17.635,57.9,0.0
1891,8,16.042,49.0,0.0
1891,9,14.923,26.8,0.0
1891,10,10.542,23.0,0.0
1891,11,3.353,25.0,0.0
1891,12,2.6,54.3,0.0
1892,1,-1.223,32.6,0.0
1892,2,1.138,25.8,0.0
1892,3,1.29,34.4,0.0
1892,4,8.503,14.5,0.0
1892,5,13.139,30.6,0.0
1892,6,16.863,32.9,0.0
1892,7,17.084,50.9,0.0
1892,8,19.41,31.9,0.0
1892,9,14.937,42.2,0.0
1892,10,8.277,27.0,0.0
1892,11,1.873,10.7,0.0
1892,12,-0.442,23.3,0.0
1893,1,-7.261,40.6,0.0
1893,2,2.271,50.8,0.0
1893,3,5.365,18.3,0.0
1893,4,9.78,7.0,0.0
1893,5,13.574,14.8,0.0
1893,6,17.233,20.5,0.0
1893,7,18.839,69.1,0.0
1893,8,18.281,35.8,0.0
1893,9,13.453,74.6,0.0
1893,10,10.819,50.8,0.0
1893,11,2.917,59.4,0.0
1893,12,1.261,14.3,0.0
1894,1,-1.168,16.6,46.0
1894,2,3.121,45.0,5.0
1894,3,5.994,11.2,0.0
1894,4,11.083,12.6,0.0
1894,5,13.148,28.9,0.0
1894,6,15.937,47.8,0.0
1894,7,19.794,91.2,0.0
1894,8,16.355,99.9,0.0
1894,9,12.137,40.9,0.0
1894,10,8.474,44.4,0.0
1894,11,5.873,19.5,0.0
1894,12,1.216,33.6,0.0
1895,1,-2.845,60.9,296.0
1895,2,-5.089,18.2,403.0
1895,3,2.803,19.8,0.0
1895,4,9.95,23.2,0.0
1895,5,14.448,40.5,0.0
1895,6,17.57,38.3,0.0
1895,7,18.742,48.9,0.0
1895,8,18.323,40.7,0.0
1895,9,16.307,36.7,0.0
1895,10,8.106,57.8,0.0
1895,11,5.033,29.3,0.0
1895,12,0.439,48.3,0.0
1896,1,0.419,21.1,0.0
1896,2,1.076,10.9,0.0
1896,3,6.19,77.0,0.0
1896,4,7.38,34.8,0.0
1896,5,12.177,22.4,0.0
1896,6,18.587,91.0,0.0
1896,7,18.658,49.5,0.0
1896,8,15.926,64.3,0.0
1896,9,14.053,64.2,0.0
1896,10,10.319,40.5,0.0
1896,11,1.503,17.2,1.0
1896,12,-0.052,27.9,0.0
1897,1,-3.061,28.3,133.0
1897,2,0.936,34.8,287.0
1897,3,5.939,46.5,0.0
1897,4,8.337,32.6,0.0
1897,5,12.261,45.2,0.0
1897,6,18.753,29.5,0.0
1897,7,17.271,84.7,0.0
1897,8,18.945,33.3,0.0
1897,9,13.327,90.8,0.0
1897,10,7.829,22.2,0.0
1897,11,3.51,10.1,0.0
1897,12,2.574,19.3,0.0
1898,1,3.381,24.6,0.0
1898,2,2.511,42.2,18.0
1898,3,4.129,78.9,3.0
1898,4,7.967,54.2,0.0
1898,5,12.887,59.1,0.0
1898,6,16.56,35.0,0.0
1898,7,14.916,94.0,0.0
1898,8,19.558,15.5,0.0
1898,9,14.893,25.4,0.0
1898,10,8.826,41.8,0.0
1898,11,4.917,9.5,2.0
1898,12,4.542,43.6,1.0
1899,1,2.748,48.8,3.0
1899,2,2.857,14.9,5.0
1899,3,3.371,20.7,2.0
1899,4,8.35,37.4,0.0
1899,5,12.442,135.9,0.0
1899,6,15.98,36.5,0.0
1899,7,18.703,87.9,0.0
1899,8,17.923,10.5,0.0
1899,9,13.23,76.7,0.0
1899,10,8.665,12.0,0.0
1899,11,7.933,20.0,0.0
1899,12,-2.813,30.3,244.0
1900,1,1.255,63.3,31.0
1900,2,1.182,46.1,92.0
1900,3,1.819,23.4,12.0
1900,4,7.737,38.5,0.0
1900,5,12.69,44.0,0.0
1900,6,17.463,80.9,0.0
1900,7,19.906,50.3,0.0
1900,8,17.974,51.4,0.0
1900,9,14.893,28.6,0.0
1900,10,9.865,44.8,0.0
1900,11,5.227,34.6,0.0
1900,12,3.574,35.1,0.0
1901,1,-3.652,31.7,35.0
1901,2,-3.136,36.8,181.0
1901,3,3.187,32.9,2.0
1901,4,9.043,40.8,0.0
1901,5,14.468,48.9,0.0
1901,6,17.07,11.9,0.0
1901,7,20.555,69.2,0.0
1901,8,18.026,30.4,0.0
1901,9,14.397,76.9,0.0
1901,10,10.516,49.2,0.0
1901,11,3.693,62.2,0.0
1901,12,1.545,37.7,6.0
1902,1,4.161,27.7,0.0
1902,2,-1.504,20.6,100.0
1902,3,4.213,55.7,0.0
1902,4,8.113,27.6,0.0
1902,5,10.106,41.7,0.0
1902,6,17.15,57.4,0.0
1902,7,16.513,55.7,0.0
1902,8,15.548,60.4,0.0
1902,9,12.647,35.4,0.0
1902,10,7.748,40.7,0.0
1902,11,1.877,9.9,0.0
1902,12,-2.023,41.7,164.0
1903,1,1.297,26.3,8.0
1903,2,5.079,28.7,1.0
1903,3,7.171,11.5,0.0
1903,4,6.04,23.5,2.0
1903,5,14.358,74.8,0.0
1903,6,16.44,26.8,0.0
1903,7,17.877,56.6,0.0
1903,8,16.465,63.1,0.0
1903,9,14.757,58.9,0.0
1903,10,10.5,48.9,0.0
1903,11,5.387,64.5,0.0
1903,12,-0.187,5.9,8.0
1904,1,-0.29,19.6,13.0
1904,2,1.931,41.9,11.0
1904,3,3.977,19.5,5.0
1904,4,9.763,27.2,0.0
1904,5,13.616,33.3,0.0
1904,6,16.397,40.5,0.0
1904,7,20.135,5.4,0.0
1904,8,18.174,8.2,0.0
1904,9,13.297,37.3,0.0
1904,10,8.948,35.3,0.0
1904,11,4.58,61.0,2.0
1904,12,3.732,30.4,0.0
1905,1,-0.519,39.2,4.0
1905,2,2.782,20.4,8.0
1905,3,5.374,56.9,0.0
1905,4,6.44,43.4,0.0
1905,5,13.939,28.8,0.0
1905,6,18.897,42.3,0.0
1905,7,19.426,135.2,0.0
1905,8,17.894,48.3,0.0
1905,9,13.833,66.6,0.0
1905,10,5.623,65.5,0.0
1905,11,3.743,68.2,0.0
1905,12,2.194,27.5,3.0
1906,1,2.274,46.4,13.0
1906,2,1.768,34.1,22.0
1906,3,3.371,55.0,11.0
1906,4,9.81,34.9,0.0
1906,5,14.91,77.5,0.0
1906,6,16.513,64.0,0.0
1906,7,18.694,120.9,0.0
1906,8,17.739,38.2,0.0
1906,9,13.88,107.2,0.0
1906,10,10.655,23.9,0.0
1906,11,7.737,33.1,0.0
1906,12,-1.494,54.3,38.0
1907,1,0.748,35.3,36.0
1907,2,-0.589,31.6,103.0
1907,3,3.981,34.4,3.0
1907,4,7.473,24.1,0.0
1907,5,14.435,34.7,0.0
1907,6,16.033,83.2,0.0
1907,7,15.303,145.8,0.0
1907,8,16.487,68.4,0.0
1907,9,13.93,29.1,0.0
1907,10,12.345,29.9,0.0
1907,11,3.207,8.3,2.0
1907,12,2.042,39.8,9.0
1908,1,-0.539,29.8,30.0
1908,2,2.697,36.6,20.0
1908,3,3.658,29.1,3.0
1908,4,6.563,47.2,0.0
1908,5,14.452,64.5,0.0
1908,6,18.707,12.0,0.0
1908,7,18.697,61.7,0.0
1908,8,15.848,51.2,0.0
1908,9,13.543,14.0,0.0
1908,10,9.303,3.0,0.0
1908,11,1.737,20.9,0.0
1908,12,-0.032,7.0,7.0
1909,1,-0.642,17.6,11.0
1909,2,-1.496,48.6,31.0
1909,3,2.345,26.3,58.0
1909,4,8.603,38.0,0.0
1909,5,12.226,19.4,0.0
1909,6,15.86,86.8,0.0
1909,7,16.813,66.3,0.0
1909,8,17.581,33.5,0.0
1909,9,14.03,54.1,0.0
1909,10,11.49,21.4,0.0
1909,11,2.853,63.4,75.0
1909,12,2.79,33.1,0.0
1910,1,2.694,34.3,60.0
1910,2,3.932,29.6,3.0
1910,3,4.465,26.3,1.0
1910,4,8.467,23.7,0.0
1910,5,14.468,19.3,0.0
1910,6,18.6,64.4,0.0
1910,7,16.955,54.9,0.0
1910,8,17.1,84.2,0.0
1910,9,13.43,86.9,0.0
1910,10,9.858,12.2,0.0
1910,11,2.933,42.8,0.0
1910,12,3.123,26.8,0.0
1911,1,1.077,19.7,21.0
1911,2,2.807,40.9,1.0
1911,3,5.097,11.9,0.0
1911,4,9.08,16.0,0.0
1911,5,15.235,12.0,0.0
1911,6,16.687,57.4,0.0
1911,7,20.745,20.8,0.0
1911,8,21.132,3.0,0.0
1911,9,15.79,31.4,0.0
1911,10,9.477,18.5,0.0
1911,11,5.693,22.6,0.0
1911,12,3.484,45.6,0.0
1912,1,-1.871,32.4,160.0
1912,2,2.738,30.5,26.0
1912,3,7.152,28.0,0.0
1912,4,8.39,15.5,1.0
1912,5,12.794,75.4,0.0
1912,6,17.02,68.6,0.0
1912,7,19.952,33.9,0.0
1912,8,15.277,104.4,0.0
1912,9,10.517,31.6,0.0
1912,10,7.497,26.6,0.0
1912,11,4.1,44.7,0.0
1912,12,4.765,35.0,0.0
1913,1,0.365,33.3,4.0
1913,2,2.729,18.2,1.0
1913,3,7.21,24.7,0.0
1913,4,9.583,20.7,0.0
1913,5,14.116,36.9,0.0
1913,6,16.587,32.1,0.0
1913,7,16.445,47.3,0.0
1913,8,16.303,39.5,0.0
1913,9,14.04,32.2,0.0
1913,10,10.213,23.0,0.0
1913,11,7.663,33.9,0.0
1913,12,3.31,65.3,13.0
1914,1,-1.755,13.8,42.0
1914,2,4.611,18.5,0.0
1914,3,5.997,47.3,0.0
1914,4,10.973,38.8,0.0
1914,5,12.423,67.7,0.0
1914,6,16.43,54.7,0.0
1914,7,19.803,137.1,0.0
1914,8,18.99,31.8,0.0
1914,9,13.803,47.7,0.0
1914,10,9.11,52.7,0.0
1914,11,4.357,24.1,2.0
1914,12,4.597,44.4,2.0
1915,1,0.758,54.9,42.0
1915,2,1.561,27.4,28.0
1915,3,2.461,77.5,35.0
1915,4,8.073,43.3,0.0
1915,5,14.41,10.2,0.0
1915,6,19.227,17.2,0.0
1915,7,17.787,48.4,0.0
1915,8,16.803,82.7,0.0
1915,9,13.133,19.8,0.0
1915,10,7.158,39.5,4.0
1915,11,2.557,19.0,10.0
1915,12,3.684,65.9,1.0
1916,1,4.668,55.8,1.0
1916,2,1.293,49.9,52.0
1916,3,4.403,38.1,10.0
1916,4,9.943,25.5,0.0
1916,5,14.471,33.3,0.0
1916,6,14.39,38.7,0.0
1916,7,17.113,79.0,0.0
1916,8,17.248,47.9,0.0
1916,9,13.057,27.0,0.0
1916,10,9.297,31.3,0.0
1916,11,5.55,37.5,15.0
1916,12,2.606,52.9,3.0
1917,1,-2.003,52.3,207.0
1917,2,-3.85,18.6,171.0
1917,3,0.448,32.2,52.0
1917,4,5.92,24.6,0.0
1917,5,16.49,10.3,0.0
1917,6,21.453,6.9,0.0
1917,7,18.745,68.5,0.0
1917,8,18.306,131.4,0.0
1917,9,15.88,8.5,0.0
1917,10,8.797,62.8,0.0
1917,11,6.31,21.9,0.0
1917,12,-0.781,22.3,30.0
1918,1,1.452,77.1,68.0
1918,2,2.757,29.4,2.0
1918,3,5.1,10.2,0.0
1918,4,10.78,51.8,0.0
1918,5,15.365,21.4,0.0
1918,6,14.2,31.3,0.0
1918,7,17.894,62.3,0.0
1918,8,17.039,85.3,0.0
1918,9,14.043,35.0,0.0
1918,10,9.016,53.4,0.0
1918,11,3.727,19.5,4.0
1918,12,4.839,75.1,0.0
1919,1,1.277,17.7,8.0
1919,2,0.786,22.6,17.0
1919,3,3.784,37.2,7.0
1919,4,7.2,57.2,0.0
1919,5,12.861,5.3,0.0
1919,6,16.727,23.5,0.0
1919,7,16.11,47.0,0.0
1919,8,17.313,17.6,0.0
1919,9,16.193,14.7,0.0
1919,10,7.252,50.8,0.0
1919,11,-0.027,86.5,247.0
1919,12,1.152,65.3,6.0
1920,1,3.2,43.2,0.0
1920,2,4.107,8.1,0.0
1920,3,7.519,26.4,0.0
1920,4,11.197,41.7,0.0
1920,5,15.355,61.0,0.0
1920,6,16.083,31.8,0.0
1920,7,19.41,53.0,0.0
1920,8,16.69,53.2,0.0
1920,9,14.26,25.3,0.0
1920,10,6.903,6.5,0.0
1920,11,1.447,8.0,0.0
1920,12,0.623,48.7,95.0
1921,1,5.368,75.7,11.0
1921,2,2.254,24.1,0.0
1921,3,7.681,7.9,0.0
1921,4,9.257,19.7,0.0
1921,5,15.89,63.9,0.0
1921,6,15.467,41.4,0.0
1921,7,19.894,9.0,0.0
1921,8,19.339,36.6,0.0
1921,9,14.503,35.8,0.0
1921,10,12.11,32.6,0.0
1921,11,0.34,28.1,0.0
1921,12,1.461,27.3,0.0
1922,1,-2.565,48.1,143.0
1922,2,-1.018,25.1,127.0
1922,3,4.574,24.6,5.0
1922,4,6.607,65.0,0.0
1922,5,15.229,15.4,0.0
1922,6,17.24,42.8,0.0
1922,7,17.158,66.3,0.0
1922,8,16.594,53.2,0.0
1922,9,12.457,67.9,0.0
1922,10,5.41,57.7,3.0
1922,11,3.563,51.5,4.0
1922,12,3.448,45.0,21.0
1923,1,3.081,47.1,12.0
1923,2,0.632,31.3,44.0
1923,3,6.097,30.6,0.0
1923,4,7.693,57.3,0.0
1923,5,12.926,81.1,0.0
1923,6,12.08,81.1,0.0
1923,7,19.723,43.7,0.0
1923,8,16.632,34.3,0.0
1923,9,14.39,24.4,0.0
1923,10,11.223,82.7,0.0
1923,11,3.843,16.4,6.0
1923,12,-1.703,46.6,123.0
1924,1,-2.445,18.4,293.0
1924,2,-1.907,24.3,13.0
1924,3,2.952,14.8,5.0
1924,4,7.13,65.6,0.0
1924,5,15.394,51.0,0.0
1924,6,17.227,16.1,0.0
1924,7,18.323,79.6,0.0
1924,8,16.448,139.8,0.0
1924,9,14.62,75.6,0.0
1924,10,10.381,21.0,0.0
1924,11,3.733,8.3,0.0
1924,12,2.774,11.6,0.0
1925,1,3.91,27.7,0.0
1925,2,5.025,23.0,6.0
1925,3,2.484,36.8,9.0
1925,4,9.757,41.9,0.0
1925,5,16.023,28.7,0.0
1925,6,16.257,61.0,0.0
1925,7,19.845,52.3,0.0
1925,8,18.361,38.5,0.0
1925,9,12.0,55.7,0.0
1925,10,9.226,27.9,0.0
1925,11,3.317,39.9,5.0
1925,12,0.377,62.0,106.0
1926,1,0.381,79.1,122.0
1926,2,4.564,48.9,2.0
1926,3,5.135,44.9,0.0
1926,4,11.58,12.2,0.0
1926,5,12.355,29.2,0.0
1926,6,15.387,99.0,0.0
1926,7,19.174,197.9,0.0
1926,8,17.239,64.2,0.0
1926,9,15.467,41.6,0.0
1926,10,8.435,141.9,0.0
1926,11,7.093,40.4,0.0
1926,12,2.161,32.2,0.0
1927,1,2.965,34.2,4.0
1927,2,1.814,15.7,0.0
1927,3,7.913,34.8,0.0
1927,4,7.9,74.5,0.0
1927,5,11.552,39.5,0.0
1927,6,15.127,48.7,0.0
1927,7,19.061,118.1,0.0
1927,8,18.168,132.6,0.0
1927,9,14.843,25.4,0.0
1927,10,9.881,18.3,0.0
1927,11,2.827,47.0,57.0
1927,12,-2.539,25.3,38.0
1928,1,2.01,43.4,6.0
1928,2,3.348,29.4,0.0
1928,3,3.848,28.4,10.0
1928,4,8.407,57.6,2.0
1928,5,11.655,44.5,0.0
1928,6,15.287,37.3,0.0
1928,7,19.668,40.8,0.0
1928,8,17.148,47.9,0.0
1928,9,13.907,8.9,0.0
1928,10,9.939,83.2,0.0
1928,11,7.5,91.8,0.0
1928,12,0.435,32.4,89.0
1929,1,-4.006,30.0,132.0
1929,2,-10.271,47.4,542.0
1929,3,3.442,15.0,184.0
1929,4,5.77,32.5,1.0
1929,5,14.984,34.7,0.0
1929,6,15.81,58.0,0.0
1929,7,18.932,32.6,0.0
1929,8,19.374,21.8,0.0
1929,9,16.777,10.7,0.0
1929,10,10.545,78.7,0.0
1929,11,5.713,21.0,0.0
1929,12,4.348,76.5,5.0
1930,1,3.348,18.7,0.0
1930,2,0.679,4.1,0.0
1930,3,4.706,32.5,4.0
1930,4,9.67,69.9,0.0
1930,5,13.387,61.8,0.0
1930,6,20.197,35.0,0.0
1930,7,17.935,89.7,0.0
1930,8,17.558,44.8,0.0
1930,9,14.027,75.2,0.0
1930,10,10.052,48.1,0.0
1930,11,6.667,78.5,1.0
1930,12,1.442,27.9,1.0
1931,1,1.223,56.6,12.0
1931,2,0.225,14.9,31.0
1931,3,1.313,11.0,16.0
1931,4,7.033,39.7,0.0
1931,5,17.248,45.0,0.0
1931,6,17.43,52.4,0.0
1931,7,18.861,98.4,0.0
1931,8,17.365,56.3,0.0
1931,9,11.987,59.8,0.0
1931,10,8.903,28.6,0.0
1931,11,5.503,14.0,0.0
1931,12,1.842,27.9,5.0
1932,1,3.1,36.6,0.0
1932,2,-0.186,4.0,4.0
1932,3,1.894,19.7,3.0
1932,4,8.717,35.1,0.0
1932,5,14.703,86.3,0.0
1932,6,16.447,24.0,0.0
1932,7,20.235,67.2,0.0
1932,8,20.484,31.4,0.0
1932,9,16.267,67.9,0.0
1932,10,9.794,66.1,0.0
1932,11,5.307,38.3,0.0
1932,12,1.768,7.3,0.0
1933,1,-1.99,25.2,1.0
1933,2,1.089,26.4,16.0
1933,3,6.703,22.9,0.0
1933,4,8.183,24.2,0.0
1933,5,13.565,52.0,0.0
1933,6,16.247,121.3,0.0
1933,7,20.048,31.8,0.0
1933,8,18.694,33.4,0.0
1933,9,14.713,26.8,0.0
1933,10,10.174,40.5,0.0
1933,11,3.763,27.1,0.0
1933,12,-3.274,13.3,49.0
1934,1,1.69,39.7,1.0
1934,2,2.971,43.8,80.0
1934,3,5.768,20.3,0.0
1934,4,11.907,15.9,0.0
1934,5,15.052,18.1,0.0
1934,6,18.59,42.1,0.0
1934,7,19.903,66.9,0.0
1934,8,18.435,64.8,0.0
1934,9,17.293,19.4,0.0
1934,10,11.2,34.2,0.0
1934,11,5.677,28.3,0.0
1934,12,4.994,28.9,4.0
1935,1,0.526,39.9,30.0
1935,2,3.057,59.5,28.0
1935,3,3.823,25.7,38.0
1935,4,8.877,60.4,0.0
1935,5,12.11,29.7,0.0
1935,6,19.25,74.2,0.0
1935,7,19.229,30.0,0.0
1935,8,18.371,63.4,0.0
1935,9,15.083,44.7,0.0
1935,10,9.981,53.0,0.0
1935,11,6.353,23.2,0.0
1935,12,1.355,23.4,28.0
1936,1,4.229,25.1,0.0
1936,2,0.869,52.0,21.0
1936,3,5.958,19.1,0.0
1936,4,7.6,52.4,0.0
1936,5,14.126,45.4,0.0
1936,6,18.62,23.9,0.0
1936,7,18.955,66.4,0.0
1936,8,18.123,23.9,0.0
1936,9,14.317,26.8,0.0
1936,10,7.848,40.5,0.0
1936,11,4.74,27.7,0.0
1936,12,2.21,19.6,0.0
1937,1,-1.481,36.4,119.0
1937,2,2.968,69.0,38.0
1937,3,4.035,49.4,12.0
1937,4,9.817,63.3,0.0
1937,5,16.877,86.6,0.0
1937,6,17.88,56.5,0.0
1937,7,18.629,57.1,0.0
1937,8,18.552,127.9,0.0
1937,9,15.12,20.4,0.0
1937,10,10.748,22.0,0.0
1937,11,4.377,16.3,0.0
1937,12,0.068,42.8,151.0
1938,1,3.032,70.2,48.0
1938,2,2.471,22.3,13.0
1938,3,8.839,9.4,0.0
1938,4,6.557,16.9,0.0
1938,5,12.623,66.8,0.0
1938,6,17.477,15.2,0.0
1938,7,18.581,46.5,0.0
1938,8,20.481,16.2,0.0
1938,9,15.457,27.4,0.0
1938,10,10.132,81.3,0.0
1938,11,8.64,33.1,0.0
1938,12,-1.606,39.4,116.0
1939,1,3.068,30.9,67.0
1939,2,2.925,15.7,0.0
1939,3,2.742,49.9,8.0
1939,4,9.19,63.2,0.0
1939,5,11.568,65.9,0.0
1939,6,17.607,49.1,0.0
1939,7,18.406,60.0,0.0
1939,8,18.981,134.5,0.0
1939,9,14.62,14.0,0.0
1939,10,6.635,85.4,0.0
1939,11,5.7,88.5,3.0
1939,12,-1.023,12.7,5.0
1940,1,-9.887,12.1,203.0
1940,2,-6.655,23.2,396.0
1940,3,3.181,55.1,12.0
1940,4,8.87,37.8,0.0
1940,5,13.213,18.5,0.0
1940,6,18.863,39.3,0.0
1940,7,17.813,50.8,0.0
1940,8,15.735,63.2,0.0
1940,9,12.753,31.5,0.0
1940,10,7.703,23.5,4.0
1940,11,5.91,52.0,0.0
1940,12,-2.126,49.0,60.0
1941,1,-6.106,40.3,388.0
1941,2,-0.357,36.1,58.0
1941,3,3.394,28.4,5.0
1941,4,6.26,26.1,0.0
1941,5,10.539,79.9,0.0
1941,6,17.653,49.5,0.0
1941,7,19.961,63.0,0.0
1941,8,16.116,50.6,0.0
1941,9,12.84,34.1,0.0
1941,10,8.655,101.0,0.0
1941,11,2.157,28.5,31.0
1941,12,2.623,32.2,47.0
1942,1,-7.484,11.8,46.0
1942,2,-4.836,15.3,337.0
1942,3,0.242,24.1,159.0
1942,4,8.09,15.9,0.0
1942,5,13.561,25.6,0.0
1942,6,15.463,41.2,0.0
1942,7,16.91,98.7,0.0
1942,8,18.832,31.8,0.0
1942,9,15.757,74.1,0.0
1942,10,11.258,64.9,0.0
1942,11,4.647,49.3,0.0
1942,12,2.542,9.5,1.0
1943,1,-0.2,18.6,62.0
1943,2,3.857,16.9,0.0
1943,3,5.939,17.1,0.0
1943,4,10.227,40.0,0.0
1943,5,13.887,20.9,0.0
1943,6,15.837,73.7,0.0
1943,7,19.294,28.1,0.0
1943,8,19.568,71.3,0.0
1943,9,14.39,30.5,0.0
1943,10,9.681,3.7,0.0
1943,11,2.993,38.8,0.0
1943,12,0.655,12.3,0.0
1944,1,4.629,52.5,0.0
1944,2,0.283,44.0,63.0
1944,3,2.29,36.4,5.0
1944,4,9.387,31.3,0.0
1944,5,12.577,31.5,0.0
1944,6,15.663,47.4,0.0
1944,7,19.39,51.6,0.0
1944,8,21.429,14.5,0.0
1944,9,14.06,37.2,0.0
1944,10,9.348,62.9,0.0
1944,11,4.81,79.0,0.0
1944,12,-0.942,24.8,0.0
1947,1,-4.231,41.7,168.0
1947,2,-8.764,22.9,327.0
1947,3,1.565,34.4,199.0
1947,4,9.687,24.8,0.0
1947,5,15.661,5.9,0.0
1947,6,18.527,51.4,0.0
1947,7,19.077,55.9,0.0
1947,8,19.203,12.4,0.0
1947,9,17.66,15.8,0.0
1947,10,7.555,9.9,0.0
1947,11,5.537,61.0,0.0
1947,12,1.758,54.5,29.0
1948,1,2.958,55.0,4.0
1948,2,0.386,46.7,42.0
1948,3,5.097,11.0,0.0
1948,4,11.4,27.5,0.0
1948,5,14.461,59.6,0.0
1948,6,16.767,37.9,0.0
1948,7,17.374,56.3,0.0
1948,8,17.203,88.7,0.0
1948,9,14.777,37.3,0.0
1948,10,9.058,30.3,0.0
1948,11,4.78,19.5,0.0
1948,12,1.803,11.6,0.0
1949,1,1.868,26.9,1.0
1949,2,2.432,30.0,6.0
1949,3,2.452,19.5,9.0
1949,4,10.763,36.9,0.0
1949,5,13.51,34.7,0.0
1949,6,14.257,57.8,0.0
1949,7,17.8,12.9,0.0
1949,8,17.826,44.7,0.0
1949,9,16.867,27.8,0.0
1949,10,10.977,12.4,0.0
1949,11,4.107,42.1,0.0
1949,12,3.471,58.2,4.0
1950,1,-0.826,33.8,4.0
1950,2,3.093,52.8,39.0
1950,3,5.026,13.8,27.0
1950,4,7.457,35.5,0.0
1950,5,14.619,111.7,0.0
1950,6,18.23,34.9,0.0
1950,7,18.165,68.2,0.0
1950,8,18.668,47.9,0.0
1950,9,13.637,39.3,0.0
1950,10,8.148,22.5,4.0
1950,11,4.48,54.8,0.0
1950,12,-2.194,27.1,60.0
1951,1,1.329,34.5,36.0
1951,2,1.739,17.5,6.0
1951,3,2.423,32.3,11.0
1951,4,8.253,8.7,0.0
1951,5,12.229,65.7,0.0
1951,6,16.04,97.7,0.0
1951,7,17.539,55.6,0.0
1951,8,18.139,63.9,0.0
1951,9,15.487,45.0,0.0
1951,10,7.287,12.4,0.0
1951,11,6.843,65.9,0.0
1951,12,3.632,13.8,0.0
1952,1,0.752,45.9,62.0
1952,2,0.762,17.2,70.0
1952,3,2.087,51.1,18.0
1952,4,11.377,15.2,8.0
1952,5,12.645,55.5,0.0
1952,6,15.443,43.8,0.0
1952,7,18.477,52.7,0.0
1952,8,18.442,48.7,0.0
1952,9,11.123,87.7,0.0
1952,10,7.358,64.1,0.0
1952,11,1.417,52.1,31.0
1952,12,-0.69,29.7,66.0
1953,1,0.403,36.9,230.0
1953,2,0.575,33.6,151.0
1953,3,5.419,7.3,0.0
1953,4,9.637,22.1,0.0
1953,5,13.839,46.8,0.0
1953,6,17.58,116.5,0.0
1953,7,18.268,40.4,0.0
1953,8,16.897,36.2,0.0
1953,9,13.753,23.2,0.0
1953,10,10.765,13.3,0.0
1953,11,5.82,15.2,0.0
1953,12,2.874,30.5,2.0
1954,1,-3.19,35.4,92.0
1954,2,-4.664,9.5,28.0
1954,3,4.113,25.0,0.0
1954,4,6.637,27.6,0.0
1954,5,13.942,36.6,0.0
1954,6,17.293,35.3,0.0
1954,7,15.129,136.3,0.0
1954,8,16.735,104.4,0.0
1954,9,14.08,61.7,0.0
1954,10,10.545,60.5,0.0
1954,11,4.12,38.7,0.0
1954,12,3.858,86.8,1.0
1955,1,-1.955,23.6,99.0
1955,2,-2.625,45.8,145.0
1955,3,0.152,32.6,76.0
1955,4,7.27,34.0,0.0
1955,5,10.877,49.7,0.0
1955,6,15.08,154.9,0.0
1955,7,18.0,235.7,0.0
1955,8,17.819,61.5,0.0
1955,9,13.983,24.5,0.0
1955,10,8.761,51.6,0.0
1955,11,4.56,15.2,1.0
1955,12,2.945,53.2,3.0
1956,1,-0.103,38.9,62.0
1956,2,-10.145,25.4,497.0
1956,3,3.084,46.1,18.0
1956,4,5.293,102.3,10.0
1956,5,13.548,57.8,0.0
1956,6,14.04,129.2,0.0
1956,7,17.726,97.0,0.0
1956,8,14.516,71.0,0.0
1956,9,14.027,29.0,0.0
1956,10,9.142,50.5,0.0
1956,11,3.297,42.4,0.0
1956,12,2.677,45.1,70.0
1957,1,1.006,29.5,36.0
1957,2,4.264,47.2,3.0
1957,3,6.216,85.8,0.0
1957,4,7.933,26.8,2.0
1957,5,10.603,40.0,0.0
1957,6,18.02,52.4,0.0
1957,7,18.552,61.4,0.0
1957,8,15.729,59.8,0.0
1957,9,12.18,87.8,0.0
1957,10,10.023,19.7,0.0
1957,11,4.943,30.5,0.0
1957,12,0.455,66.1,128.0
1958,1,-0.468,40.3,71.0
1958,2,2.339,48.2,31.0
1958,3,0.152,27.4,36.0
1958,4,5.803,24.3,0.0
1958,5,13.977,76.9,0.0
1958,6,15.163,83.7,0.0
1958,7,17.71,62.0,0.0
1958,8,17.665,65.2,0.0
1958,9,14.827,47.2,0.0
1958,10,10.284,45.3,0.0
1958,11,4.307,14.6,0.0
1958,12,2.919,37.7,1.0
1959,1,0.494,37.9,97.0
1959,2,-0.061,6.6,1.0
1959,3,6.903,13.1,0.0
1959,4,10.223,30.4,0.0
1959,5,13.516,26.5,0.0
1959,6,17.493,21.1,0.0
1959,7,20.461,25.2,0.0
1959,8,18.59,52.6,0.0
1959,9,13.587,0.2,0.0
1959,10,8.11,29.2,0.0
1959,11,3.323,49.2,0.0
1959,12,1.906,23.2,0.0
1960,1,0.461,42.2,99.0
1960,2,0.145,11.3,15.0
1960,3,4.158,8.6,0.0
1960,4,7.823,37.4,0.0
1960,5,13.774,54.1,0.0
1960,6,17.167,19.0,0.0
1960,7,16.642,52.3,0.0
1960,8,16.445,74.7,0.0
1960,9,13.277,14.9,0.0
1960,10,9.713,88.4,0.0
1960,11,6.433,57.8,0.0
1960,12,1.316,74.7,44.0
1961,1,-0.958,53.2,39.0
1961,2,5.168,36.2,11.0
1961,3,6.832,48.4,8.0
1961,4,11.103,82.1,0.0
1961,5,10.79,112.8,0.0
1961,6,17.28,46.1,0.0
1961,7,15.977,57.9,0.0
1961,8,16.177,66.9,0.0
1961,9,16.503,17.6,0.0
1961,10,10.977,37.1,0.0
1961,11,4.27,83.4,0.0
1961,12,-1.239,53.1,0.0
1962,1,2.252,24.8,0.0
1962,2,1.193,33.6,14.0
1962,3,0.826,31.3,62.0
1962,4,8.907,32.3,0.0
1962,5,10.59,44.7,0.0
1962,6,14.8,36.6,0.0
1962,7,15.203,66.6,0.0
1962,8,15.5,44.0,0.0
1962,9,12.503,23.3,0.0
1962,10,9.126,7.6,0.0
1962,11,3.27,13.4,30.0
1962,12,-3.281,55.1,130.0
1963,1,-8.252,15.8,635.0
1963,2,-6.246,11.5,837.0
1963,3,3.081,22.6,112.0
1963,4,9.087,41.0,0.0
1963,5,13.177,11.9,0.0
1963,6,17.25,44.6,0.0
1963,7,18.748,19.6,0.0
1963,8,17.194,106.2,0.0
1963,9,14.097,26.3,0.0
1963,10,8.49,18.2,0.0
1963,11,7.793,61.4,0.0
1963,12,-3.0,6.9,60.0
1964,1,-2.61,13.1,61.0
1964,2,-0.11,14.1,26.0
1964,3,0.216,43.5,4.0
1964,4,9.177,51.1,0.0
1964,5,14.342,52.8,0.0
1964,6,18.087,54.9,0.0
1964,7,18.277,46.4,0.0
1964,8,16.371,78.8,0.0
1964,9,13.69,20.9,0.0
1964,10,7.452,22.5,0.0
1964,11,4.967,31.8,0.0
1964,12,1.352,20.5,40.0
1965,1,1.79,43.7,35.0
1965,2,-0.604,24.1,51.0
1965,3,2.558,40.3,86.0
1965,4,7.633,64.2,0.0
1965,5,12.235,46.8,0.0
1965,6,16.35,68.2,0.0
1965,7,15.587,86.7,0.0
1965,8,15.487,29.8,0.0
1965,9,13.533,61.7,0.0
1965,10,8.223,14.7,0.0
1965,11,0.59,55.9,162.0
1965,12,2.877,52.8,15.0
1966,1,-2.635,33.4,202.0
1966,2,1.896,75.8,294.0
1966,3,4.206,34.9,1.0
1966,4,8.967,62.6,3.0
1966,5,14.065,44.5,0.0
1966,6,18.237,85.8,0.0
1966,7,16.587,71.5,0.0
1966,8,16.645,75.1,0.0
1966,9,13.16,18.9,0.0
1966,10,11.274,41.0,0.0
1966,11,2.62,49.2,3.0
1966,12,2.481,86.1,7.0
1967,1,1.461,32.2,51.0
1967,2,3.346,38.9,0.0
1967,3,6.297,37.2,0.0
1967,4,7.083,12.4,0.0
1967,5,13.516,59.5,0.0
1967,6,15.423,63.7,0.0
1967,7,19.029,87.7,0.0
1967,8,17.071,47.9,0.0
1967,9,14.723,55.9,0.0
1967,10,11.774,23.6,0.0
1967,11,4.343,34.7,0.0
1967,12,1.384,42.8,42.0
1968,1,-0.752,53.5,220.0
1968,2,0.448,29.8,86.0
1968,3,5.058,32.0,26.0
1968,4,10.02,29.5,0.0
1968,5,11.506,33.5,0.0
1968,6,17.057,49.8,0.0
1968,7,16.839,25.3,0.0
1968,8,18.019,34.5,0.0
1968,9,14.45,71.0,0.0
1968,10,10.742,53.6,0.0
1968,11,3.817,46.4,4.0
1968,12,-2.197,12.7,15.0
1969,1,0.468,42.3,8.0
1969,2,-2.296,46.5,252.0
1969,3,-0.265,59.0,58.0
1969,4,7.51,58.9,0.0
1969,5,13.597,88.8,0.0
1969,6,16.03,39.3,0.0
1969,7,19.426,24.0,0.0
1969,8,17.506,47.3,0.0
1969,9,14.3,11.4,0.0
1969,10,10.397,24.1,0.0
1969,11,5.747,45.6,4.0
1969,12,-5.71,28.6,360.0
1970,1,-4.187,39.4,705.0
1970,2,-1.821,84.5,211.0
1970,3,1.365,54.5,116.0
1970,4,6.053,61.2,2.0
1970,5,12.303,40.5,0.0
1970,6,18.06,61.2,0.0
1970,7,16.813,59.1,0.0
1970,8,17.39,106.4,0.0
1970,9,13.297,44.9,0.0
1970,10,9.477,51.3,0.0
1970,11,6.047,52.7,0.0
1970,12,1.461,34.6,42.0
1971,1,-1.997,18.9,164.0
1971,2,2.029,20.8,4.0
1971,3,1.742,12.0,52.0
1971,4,8.167,36.4,1.0
1971,5,14.729,47.4,0.0
1971,6,14.717,74.5,0.0
1971,7,18.448,28.5,0.0
1971,8,18.813,42.2,0.0
1971,9,12.633,25.0,0.0
1971,10,9.432,21.5,0.0
1971,11,4.277,16.1,14.0
1971,12,4.471,48.0,0.0
1972,1,-2.958,3.3,5.0
1972,2,1.738,10.2,1.0
1972,3,5.481,53.5,20.0
1972,4,7.94,17.6,0.0
1972,5,12.284,50.9,0.0
1972,6,15.353,109.8,0.0
1972,7,18.29,119.0,0.0
1972,8,16.416,46.6,0.0
1972,9,11.323,48.5,0.0
1972,10,6.881,31.0,0.0
1972,11,4.883,22.1,1.0
1972,12,1.048,5.2,0.0
1973,1,0.39,27.5,11.0
1973,2,2.329,13.8,10.0
1973,3,4.919,14.4,0.0
1973,4,5.493,44.9,0.0
1973,5,12.897,37.3,0.0
1973,6,16.833,19.2,0.0
1973,7,18.113,55.1,0.0
1973,8,18.023,9.0,0.0
1973,9,14.49,32.4,0.0
1973,10,7.697,46.0,0.0
1973,11,3.82,25.3,7.0
1973,12,0.806,36.1,30.0
1974,1,3.606,30.1,0.0
1974,2,3.696,32.1,0.0
1974,3,5.913,11.1,1.0
1974,4,8.393,28.1,0.0
1974,5,11.781,29.4,0.0
1974,6,14.683,66.6,0.0
1974,7,15.961,45.4,0.0
1974,8,17.852,41.1,0.0
1974,9,14.25,24.4,0.0
1974,10,6.648,76.9,0.0
1974,11,5.513,34.4,0.0
1974,12,5.642,58.1,4.0
1975,1,5.277,26.4,0.0
1975,2,1.268,4.2,0.0
1975,3,4.048,39.0,4.0
1975,4,7.12,38.8,0.0
1975,5,12.445,48.5,0.0
1975,6,15.337,44.3,0.0
1975,7,19.29,16.1,0.0
1975,8,20.213,15.7,0.0
1975,9,16.32,26.0,0.0
1975,10,8.061,22.6,0.0
1975,11,2.993,14.5,0.0
1975,12,2.426,6.8,2.0
1976,1,1.31,91.1,25.0
1976,2,0.214,23.6,96.0
1976,3,1.381,15.8,10.0
1976,4,7.497,8.9,0.0
1976,5,13.455,31.1,0.0
1976,6,17.663,9.6,0.0
1976,7,20.0,38.2,0.0
1976,8,16.797,35.9,0.0
1976,9,13.54,22.7,0.0
1976,10,9.0,17.0,0.0
1976,11,5.103,37.5,1.0
1976,12,-0.403,10.6,33.0
1977,1,0.335,30.1,155.0
1977,2,3.014,36.0,2.0
1977,3,6.261,64.7,5.0
1977,4,6.32,23.7,0.0
1977,5,12.235,68.0,0.0
1977,6,16.08,132.9,0.0
1977,7,16.565,36.7,0.0
1977,8,16.468,83.6,0.0
1977,9,12.307,24.0,0.0
1977,10,10.31,32.2,0.0
1977,11,5.883,54.9,0.0
1977,12,2.755,33.6,0.0
1978,1,1.329,15.1,15.0
1978,2,-1.243,15.6,111.0
1978,3,5.661,41.3,2.0
1978,4,7.147,4.9,0.0
1978,5,12.481,48.6,0.0
1978,6,15.583,45.2,0.0
1978,7,16.029,35.8,0.0
1978,8,16.187,77.5,0.0
1978,9,12.53,62.1,0.0
1978,10,10.09,19.4,0.0
1978,11,4.723,8.7,0.0
1978,12,-0.352,84.5,48.0
1979,1,-4.316,29.2,550.0
1979,2,-3.657,37.6,674.0
1979,3,3.052,71.9,122.0
1979,4,7.133,66.1,0.0
1979,5,13.584,37.9,0.0
1979,6,17.487,48.9,0.0
1979,7,15.432,72.4,0.0
1979,8,16.606,31.9,0.0
1979,9,14.053,24.3,0.0
1979,10,8.574,4.8,0.0
1979,11,4.353,56.9,0.0
1979,12,3.935,77.2,1.0
1980,1,-3.216,25.6,63.0
1980,2,1.907,36.1,13.0
1980,3,3.261,11.6,2.0
1980,4,6.883,71.0,0.0
1980,5,11.168,43.2,0.0
1980,6,15.35,78.8,0.0
1980,7,15.458,44.7,0.0
1980,8,16.99,37.0,0.0
1980,9,13.737,29.7,0.0
1980,10,8.774,29.2,0.0
1980,11,3.697,35.8,17.0
1980,12,1.755,40.0,116.0
1981,1,-0.323,44.8,104.0
1981,2,1.0,19.2,41.0
1981,3,7.306,92.3,7.0
1981,4,8.263,19.2,0.0
1981,5,14.671,43.0,0.0
1981,6,16.113,104.3,0.0
1981,7,17.358,34.5,0.0
1981,8,16.91,91.1,0.0
1981,9,14.42,86.6,0.0
1981,10,8.458,51.3,0.0
1981,11,5.19,33.8,0.0
1981,12,-2.8,57.1,369.0
1982,1,-2.045,29.7,9.0
1982,2,0.068,2.4,0.0
1982,3,5.103,44.4,0.0
1982,4,7.607,16.2,1.0
1982,5,13.397,42.3,0.0
1982,6,16.957,41.2,0.0
1982,7,19.952,22.8,0.0
1982,8,18.532,43.1,0.0
1982,9,16.793,9.8,0.0
1982,10,10.5,38.4,0.0
1982,11,6.723,22.7,0.0
1982,12,2.69,22.7,0.0
1983,1,4.881,33.1,4.0
1983,2,-1.129,19.7,53.0
1983,3,5.319,31.8,0.0
1983,4,9.197,98.4,0.0
1983,5,12.545,73.7,0.0
1983,6,16.827,45.0,0.0
1983,7,20.652,7.6,0.0
1983,8,19.042,38.8,0.0
1983,9,14.633,22.9,0.0
1983,10,9.994,24.8,0.0
1983,11,4.383,38.8,0.0
1983,12,0.842,36.1,19.0
1984,1,1.91,43.2,37.0
1984,2,0.383,40.4,18.0
1984,3,2.429,11.5,1.0
1984,4,7.667,40.1,11.0
1984,5,12.481,76.1,0.0
1984,6,14.24,47.5,0.0
1984,7,15.868,57.1,0.0
1984,8,17.881,26.1,0.0
1984,9,12.843,65.6,0.0
1984,10,10.952,30.4,0.0
1984,11,4.623,30.8,1.0
1984,12,0.716,21.8,15.0
1985,1,-4.881,38.8,344.0
1985,2,-2.604,11.1,13.0
1985,3,3.181,30.4,17.0
1985,4,8.537,73.4,0.0
1985,5,14.61,45.6,0.0
1985,6,14.12,91.9,0.0
1985,7,17.529,38.8,0.0
1985,8,17.106,53.3,0.0
1985,9,13.65,26.9,0.0
1985,10,9.348,15.6,0.0
1985,11,1.237,31.8,96.0
1985,12,4.081,43.9,46.0
1986,1,-0.068,40.2,99.0
1986,2,-7.732,26.5,330.0
1986,3,3.039,56.8,76.0
1986,4,6.893,47.7,14.0
1986,5,15.042,64.3,0.0
1986,6,16.303,57.7,0.0
1986,7,17.632,39.5,0.0
1986,8,16.729,64.3,0.0
1986,9,11.363,46.4,0.0
1986,10,9.661,33.7,0.0
1986,11,6.507,11.3,0.0
1986,12,2.365,77.5,17.0
1987,1,-6.835,59.1,434.0
1987,2,-1.075,55.7,177.0
1987,3,-0.326,21.5,69.0
1987,4,9.507,18.5,0.0
1987,5,10.494,47.6,0.0
1987,6,14.333,70.5,0.0
1987,7,17.148,119.9,0.0
1987,8,15.774,42.5,0.0
1987,9,14.21,42.5,0.0
1987,10,9.345,15.8,0.0
1987,11,5.59,52.8,0.0
1987,12,2.484,30.0,1.0
1988,1,3.548,36.4,3.0
1988,2,2.572,51.7,50.0
1988,3,3.094,73.5,24.0
1988,4,8.53,1.2,0.0
1988,5,15.513,3.9,0.0
1988,6,15.72,73.2,0.0
1988,7,18.11,35.5,0.0
1988,8,17.687,34.1,0.0
1988,9,13.977,27.3,0.0
1988,10,9.9,15.3,0.0
1988,11,3.83,37.8,3.0
1988,12,3.568,49.1,69.0
1989,1,3.261,8.0,0.0
1989,2,3.85,25.8,0.0
1989,3,7.352,22.0,0.0
1989,4,8.237,17.2,0.0
1989,5,14.623,9.0,0.0
1989,6,16.423,35.3,0.0
1989,7,18.232,39.3,0.0
1989,8,17.929,29.4,0.0
1989,9,15.53,19.8,0.0
1989,10,11.297,42.3,0.0
1989,11,2.96,53.7,8.0
1989,12,2.832,43.9,4.0
1990,1,3.7,17.7,2.0
1990,2,6.468,55.3,5.0
1990,3,7.726,12.6,0.0
1990,4,8.413,39.1,0.0
1990,5,14.439,13.8,0.0
1990,6,16.11,97.1,0.0
1990,7,16.981,10.1,0.0
1990,8,19.0,61.3,0.0
1990,9,12.623,63.9,0.0
1990,10,10.523,12.4,0.0
1990,11,5.363,50.5,0.0
1990,12,1.474,43.6,26.0
1991,1,2.216,14.0,0.0
1991,2,-2.568,15.6,145.0
1991,3,7.242,25.7,0.0
1991,4,7.737,19.5,1.0
1991,5,10.258,31.1,0.0
1991,6,14.26,74.8,0.0
1991,7,20.003,38.2,0.0
1991,8,17.981,53.4,0.0
1991,9,14.983,25.3,0.0
1991,10,8.884,17.1,0.0
1991,11,4.553,39.8,0.0
1991,12,1.903,39.6,1.0
1992,1,1.768,24.0,0.0
1992,2,4.024,14.8,2.0
1992,3,5.503,70.5,0.0
1992,4,8.763,26.2,0.0
1992,5,15.555,24.1,0.0
1992,6,19.46,50.7,0.0
1992,7,19.6,47.7,0.0
1992,8,19.884,91.3,0.0
1992,9,13.753,11.8,0.0
1992,10,6.352,79.7,0.0
1992,11,5.6,49.8,0.0
1992,12,1.471,62.9,2.0
1993,1,2.729,46.2,1.0
1993,2,-0.025,18.8,3.0
1993,3,4.239,10.8,5.0
1993,4,11.447,15.6,0.0
1993,5,15.684,107.2,0.0
1993,6,15.843,67.8,0.0
1993,7,16.677,74.9,0.0
1993,8,15.965,48.3,0.0
1993,9,12.49,47.2,0.0
1993,10,8.361,14.4,0.0
1993,11,0.08,23.2,43.0
1993,12,3.323,86.7,58.0
1994,1,3.668,64.6,2.0
1994,2,-0.732,16.5,48.0
1994,3,6.4,78.0,0.0
1994,4,9.367,69.0,0.0
1994,5,13.523,84.6,0.0
1994,6,16.32,44.0,0.0
1994,7,22.506,30.9,0.0
1994,8,18.474,111.3,0.0
1994,9,13.7,63.8,0.0
1994,10,7.571,35.5,0.0
1994,11,7.217,28.6,0.0
1994,12,3.874,35.5,0.0
1995,1,0.903,49.6,21.0
1995,2,5.154,52.8,1.0
1995,3,3.739,42.9,6.0
1995,4,9.13,34.3,0.0
1995,5,12.552,51.9,0.0
1995,6,14.97,54.5,0.0
1995,7,20.894,45.8,0.0
1995,8,19.223,23.2,0.0
1995,9,13.66,85.9,0.0
1995,10,12.235,10.8,0.0
1995,11,3.373,35.3,0.0
1995,12,-2.058,21.9,9.0
1996,1,-3.961,7.2,52.0
1996,2,-2.669,19.6,131.0
1996,3,1.003,7.3,3.0
1996,4,9.473,25.3,2.0
1996,5,11.716,53.4,0.0
1996,6,15.573,23.0,0.0
1996,7,16.013,76.4,0.0
1996,8,18.032,85.5,0.0
1996,9,11.127,45.1,0.0
1996,10,9.265,50.0,0.0
1996,11,4.847,53.2,24.0
1996,12,-2.881,21.0,50.0
1997,1,-2.803,17.4,119.0
1997,2,4.532,51.6,0.0
1997,3,5.468,33.6,2.0
1997,4,6.713,24.8,0.0
1997,5,13.377,44.9,0.0
1997,6,17.14,33.3,0.0
1997,7,18.055,117.9,0.0
1997,8,20.958,40.6,0.0
1997,9,14.043,11.4,0.0
1997,10,8.068,32.8,0.0
1997,11,3.727,31.8,0.0
1997,12,2.052,69.5,19.0
1998,1,3.161,32.6,1.0
1998,2,5.743,2.8,1.0
1998,3,5.271,39.2,1.0
1998,4,9.96,64.4,0.0
1998,5,15.048,28.9,0.0
1998,6,17.177,75.4,0.0
1998,7,16.826,41.1,0.0
1998,8,17.1,35.8,0.0
1998,9,14.03,45.8,0.0
1998,10,8.648,96.2,0.0
1998,11,1.617,39.6,1.0
1998,12,1.168,21.0,44.0
1999,1,3.316,26.1,3.0
1999,2,1.143,36.0,39.0
1999,3,5.681,41.9,0.0
1999,4,9.853,24.5,0.0
1999,5,14.365,47.9,0.0
1999,6,15.937,73.9,0.0
1999,7,20.11,25.7,0.0
1999,8,17.61,56.5,0.0
1999,9,17.657,22.3,0.0
1999,10,9.732,12.6,0.0
1999,11,4.057,18.4,6.0
1999,12,2.987,53.2,3.0
2000,1,1.61,34.8,11.0
2000,2,4.455,38.4,2.0
2000,3,5.832,55.2,1.0
2000,4,11.177,20.7,0.0
2000,5,15.532,25.7,0.0
2000,6,17.397,49.7,0.0
2000,7,16.235,35.2,0.0
2000,8,18.077,86.3,0.0
2000,9,14.213,39.2,0.0
2000,10,11.623,28.0,0.0
2000,11,6.38,24.4,0.0
2000,12,3.229,38.1,90.0
2001,1,0.923,34.0,38.0
2001,2,2.086,31.4,38.0
2001,3,3.458,65.6,40.0
2001,4,8.03,30.6,0.0
2001,5,14.839,22.9,0.0
2001,6,14.593,55.6,0.0
2001,7,19.326,94.4,0.0
2001,8,19.258,36.2,0.0
2001,9,12.75,74.5,0.0
2001,10,12.635,31.8,0.0
2001,11,4.84,27.3,0.0
2001,12,0.077,66.7,48.0
2002,1,2.148,23.4,27.0
2002,2,5.518,54.8,3.0
2002,3,5.477,28.1,0.0
2002,4,8.113,32.4,0.0
2002,5,14.874,69.3,0.0
2002,6,17.143,116.7,0.0
2002,7,18.161,87.7,0.0
2002,8,20.184,91.3,0.0
2002,9,14.107,19.0,0.0
2002,10,8.31,58.5,0.0
2002,11,4.677,88.9,0.0
2002,12,-1.752,61.8,62.0
2003,1,0.135,44.7,61.0
2003,2,-1.961,6.3,6.0
2003,3,5.003,10.4,0.0
2003,4,8.92,18.8,1.0
2003,5,14.926,32.6,0.0
2003,6,19.067,53.1,0.0
2003,7,19.71,46.9,0.0
2003,8,20.616,30.0,0.0
2003,9,14.693,59.4,0.0
2003,10,6.181,48.6,0.0
2003,11,6.677,20.7,0.0
2003,12,2.277,29.5,5.0
2004,1,-0.113,71.5,40.0
2004,2,3.379,20.3,1.0
2004,3,4.939,17.3,6.0
2004,4,9.893,30.3,0.0
2004,5,12.242,44.8,0.0
2004,6,15.6,53.6,0.0
2004,7,17.006,76.5,0.0
2004,8,19.455,51.6,0.0
2004,9,14.507,23.8,0.0
2004,10,10.284,16.2,0.0
2004,11,4.95,54.6,5.0
2004,12,1.955,12.1,0.0
2005,1,3.071,42.9,27.0
2005,2,-0.146,29.9,11.0
2005,3,4.197,27.6,14.0
2005,4,10.103,24.1,0.0
2005,5,13.316,57.6,0.0
2005,6,16.447,18.0,0.0
2005,7,18.797,56.0,0.0
2005,8,16.594,52.4,0.0
2005,9,15.793,62.0,0.0
2005,10,11.239,37.6,0.0
2005,11,4.863,40.1,5.0
2005,12,1.523,45.0,38.0
2006,1,-2.626,21.6,6.0
2006,2,0.0,29.1,11.0
2006,3,1.935,33.3,20.0
2006,4,9.117,32.0,0.0
2006,5,14.1,60.3,0.0
2006,6,17.603,38.4,0.0
2006,7,23.629,28.0,0.0
2006,8,17.252,56.3,0.0
2006,9,18.423,11.4,0.0
2006,10,13.158,29.8,0.0
2006,11,8.173,28.1,0.0
2006,12,5.874,24.6,0.0
2007,1,5.894,66.8,1.0
2007,2,4.461,37.5,6.0
2007,3,7.597,49.2,2.0
2007,4,11.857,5.2,0.0
2007,5,15.268,90.8,0.0
2007,6,18.79,130.7,0.0
2007,7,18.8,82.1,0.0
2007,8,18.226,86.7,0.0
2007,9,14.17,103.8,0.0
2007,10,9.042,19.2,0.0
2007,11,4.887,52.6,0.0
2007,12,2.539,20.8,0.0
2008,1,4.739,67.3,37.0
2008,2,4.897,15.0,0.0
2008,3,5.242,41.3,1.0
2008,4,8.803,73.1,0.0
2008,5,15.5,3.1,0.0
2008,6,18.137,42.1,0.0
2008,7,19.326,81.8,0.0
2008,8,18.739,45.0,0.0
2008,9,13.673,44.0,0.0
2008,10,10.155,38.2,0.0
2008,11,6.017,15.9,4.0
2008,12,1.858,26.5,5.0
2009,1,-1.732,22.5,81.0
2009,2,1.507,35.0,9.0
2009,3,5.623,39.3,0.0
2009,4,13.11,12.4,0.0
2009,5,14.687,103.6,0.0
2009,6,15.497,51.6,0.0
2009,7,19.397,60.7,0.0
2009,8,20.239,20.7,0.0
2009,9,15.777,22.7,0.0
2009,10,8.587,81.9,0.0
2009,11,8.387,61.5,0.0
2009,12,0.594,61.9,37.0
2010,1,-4.384,30.8,528.0
2010,2,-0.654,26.2,315.0
2010,3,5.029,42.7,44.0
2010,4,9.657,12.4,0.0
2010,5,11.129,192.9,0.0
2010,6,17.503,9.0,0.0
2010,7,21.874,29.3,0.0
2010,8,17.958,117.6,0.0
2010,9,13.51,127.2,0.0
2010,10,8.91,15.6,0.0
2010,11,5.217,87.5,5.0
2010,12,-4.132,63.3,373.0
2011,1,1.81,41.4,84.0
2011,2,0.993,7.1,6.0
2011,3,5.294,12.6,0.0
2011,4,12.813,36.1,0.0
2011,5,14.906,18.6,0.0
2011,6,18.027,63.4,0.0
2011,7,17.487,90.8,0.0
2011,8,18.91,76.0,0.0
2011,9,16.427,41.8,0.0
2011,10,10.319,32.6,0.0
2011,11,4.457,0.5,0.0
2011,12,4.971,47.8,0.0
2012,1,2.555,66.7,14.0
2012,2,-1.493,14.7,52.0
2012,3,7.913,5.4,0.0
2012,4,9.277,17.2,0.0
2012,5,15.432,34.4,0.0
2012,6,15.77,76.8,0.0
2012,7,18.616,61.2,0.0
2012,8,19.294,33.8,0.0
2012,9,15.157,21.8,0.0
2012,10,9.684,28.1,0.0
2012,11,5.673,32.4,0.0
2012,12,1.816,50.8,50.0
2013,1,0.71,38.4,77.0
2013,2,0.211,38.4,69.0
2013,3,-0.294,33.7,125.0
2013,4,9.173,26.1,6.0
2013,5,13.439,133.3,0.0
2013,6,17.263,21.1,0.0
2013,7,20.661,42.5,0.0
2013,8,19.4,24.2,0.0
2013,9,14.1,47.0,0.0
2013,10,11.606,83.4,0.0
2013,11,5.543,58.1,0.0
2013,12,4.506,31.6,4.0
2014,1,1.339,30.5,50.0
2014,2,5.125,16.4,8.0
2014,3,7.8,7.1,0.0
2014,4,12.177,23.9,0.0
2014,5,13.342,84.5,0.0
2014,6,16.62,25.0,0.0
2014,7,21.055,122.5,0.0
2014,8,17.245,121.0,0.0
2014,9,16.227,41.7,0.0
2014,10,12.719,35.9,0.0
2014,11,7.09,11.0,0.0
2014,12,3.284,26.0,7.0
2015,1,3.274,33.5,6.0
2015,2,1.818,10.4,5.0
2015,3,6.187,42.0,0.0
2015,4,9.263,24.1,0.0
2015,5,13.274,19.1,0.0
2015,6,16.62,24.2,0.0
2015,7,19.965,91.5,0.0
2015,8,21.071,111.2,0.0
2015,9,13.97,29.8,0.0
2015,10,8.781,55.2,0.0
2015,11,8.263,57.9,0.0
2015,12,7.687,13.5,0.0
2016,1,0.661,35.5,57.0
2016,2,4.083,24.2,0.0
2016,3,4.968,22.4,0.0
2016,4,8.97,16.3,0.0
2016,5,15.587,70.2,0.0
2016,6,18.75,43.7,0.0
2016,7,20.223,33.4,0.0
2016,8,19.148,12.4,0.0
2016,9,18.537,33.2,0.0
2016,10,9.497,57.8,0.0
2016,11,4.313,22.7,0.0
2016,12,3.477,18.9,0.0
2017,1,-0.713,39.5,100.0
2017,2,3.064,27.0,2.0
2017,3,7.929,36.8,0.0
2017,4,8.533,14.4,0.0
2017,5,15.284,46.2,0.0
2017,6,18.333,48.6,0.0
2017,7,19.048,95.2,0.0
2017,8,18.974,36.6,0.0
2017,9,14.413,30.5,0.0
2017,10,12.332,36.0,0.0
2017,11,6.337,47.9,0.0
2017,12,3.945,29.5,0.0
2018,1,4.0,54.1,0.0
2018,2,-0.8,5.4,1.0
2018,3,2.565,46.1,13.0
2018,4,13.407,49.5,0.0
2018,5,17.806,37.1,0.0
2018,6,19.16,6.7,0.0
2018,7,21.755,22.3,0.0
2018,8,20.952,54.8,0.0
2018,9,16.453,22.3,0.0
2018,10,11.432,8.6,0.0
2018,11,5.73,18.3,0.0
2018,12,5.135,49.6,1.0
2019,1,1.919,45.7,5.0
2019,2,5.171,9.3,2.0
2019,3,7.713,52.0,0.0
2019,4,10.763,22.8,0.0
2019,5,12.623,33.7,0.0
2019,6,21.807,70.2,0.0
2019,7,19.852,42.3,0.0
2019,8,20.877,26.3,0.0
2019,9,15.21,40.0,0.0
2019,10,11.848,54.8,0.0
2019,11,6.097,31.5,0.0
2019,12,4.439,35.9,0.0
2020,1,4.616,22.1,0.0
2020,2,6.376,78.3,0.0
2020,3,6.11,29.5,0.0
2020,4,11.167,7.9,0.0
2020,5,12.861,28.8,0.0
2020,6,18.897,55.4,0.0
2020,7,18.545,49.1,0.0
2020,8,21.487,65.5,0.0
2020,9,15.913,45.6,0.0
2020,10,11.59,52.4,0.0
2020,11,7.443,2.7,0.0
2020,12,3.697,19.3,0.0
2021,1,1.277,40.6,23.0
2021,2,1.275,54.3,105.0
2021,3,5.816,18.2,0.0
2021,4,7.0,25.9,0.0
2021,5,12.268,53.3,0.0
2021,6,20.527,59.1,0.0
2021,7,20.335,22.2,0.0
2021,8,17.781,94.3,0.0
2021,9,16.207,30.2,0.0
2021,10,10.69,24.8,0.0
2021,11,6.55,35.8,0.0
2021,12,2.932,22.1,6.0
2022,1,4.348,20.5,0.0
2022,2,5.575,44.7,0.0
2022,3,5.59,2.8,0.0
2022,4,8.827,30.8,1.0
2022,5,15.681,27.5,0.0
2022,6,20.083,18.3,0.0
2022,7,20.2,25.2,0.0
2022,8,21.487,19.1,0.0
2022,9,14.74,41.6,0.0
2022,10,13.529,40.9,0.0
2022,11,6.423,35.5,0.0
2022,12,1.981,59.5,0.6
2023,1,4.877,39.8,0.0
2023,2,4.118,33.4,0.0
2023,3,6.435,64.4,8.0
2023,4,8.643,46.1,0.0
2023,5,14.31,4.4,0.0
2023,6,19.593,99.9,0.0
2023,7,19.916,43.1,0.0
2023,8,19.7,114.0,0.0
2023,9,18.433,22.8,0.0
2023,10,12.794,99.1,0.0
2023,11,6.533,57.0,15.0
2023,12,-2.25,1.0,4.5
